timestamp,group_name,cell_number,current,temperature,voltage,soc,status
2024-12-14 03:31:15,group1,1,-5.568,40.39,4.19,99.17,1
2024-12-14 03:31:15,group1,2,-5.265,22.47,3.434,36.17,0
2024-12-14 03:31:15,group1,3,13.589,25.48,3.807,67.25,0
2024-12-14 03:31:15,group2,1,17.337,34.87,3.253,21.08,1
2024-12-14 03:31:15,group2,2,-12.591,34.0,4.129,94.08,0
2024-12-14 03:31:15,group2,3,-6.239,31.95,4.182,98.5,0
2024-12-14 03:31:15,group3,1,-2.426,20.79,3.453,37.75,0
2024-12-14 03:31:15,group3,2,-9.209,39.31,3.819,68.25,0
2024-12-14 03:31:15,group3,3,8.14,15.02,3.313,26.08,0
2024-12-14 03:31:16,group1,1,6.653,15.92,3.323,26.92,1
2024-12-14 03:31:16,group1,2,8.14,34.33,3.369,30.75,1
2024-12-14 03:31:16,group1,3,18.458,26.36,3.446,37.17,1
2024-12-14 03:31:16,group2,1,-6.041,40.63,3.33,27.5,1
2024-12-14 03:31:16,group2,2,0.884,17.46,3.71,59.17,1
2024-12-14 03:31:16,group2,3,12.047,28.94,3.403,33.58,0
2024-12-14 03:31:16,group3,1,-11.203,33.55,3.456,38.0,1
2024-12-14 03:31:16,group3,2,4.821,40.04,3.051,4.25,0
2024-12-14 03:31:16,group3,3,10.085,22.33,3.507,42.25,0
2024-12-14 03:31:17,group1,1,-15.349,43.69,3.127,10.58,0
2024-12-14 03:31:17,group1,2,-2.887,33.55,3.393,32.75,0
2024-12-14 03:31:17,group1,3,19.594,17.82,3.156,13.0,0
2024-12-14 03:31:17,group2,1,1.532,43.86,4.06,88.33,0
2024-12-14 03:31:17,group2,2,7.397,40.68,3.933,77.75,0
2024-12-14 03:31:17,group2,3,2.652,25.86,4.16,96.67,0
2024-12-14 03:31:17,group3,1,-3.135,15.89,3.556,46.33,0
2024-12-14 03:31:17,group3,2,19.087,16.44,3.755,62.92,1
2024-12-14 03:31:17,group3,3,-16.552,32.93,3.358,29.83,1
2024-12-14 03:31:18,group1,1,19.656,35.3,3.425,35.42,0
2024-12-14 03:31:18,group1,2,-11.443,27.98,4.032,86.0,1
2024-12-14 03:31:18,group1,3,2.195,28.57,3.585,48.75,0
2024-12-14 03:31:18,group2,1,-0.655,40.67,3.411,34.25,0
2024-12-14 03:31:18,group2,2,-3.549,28.65,4.152,96.0,0
2024-12-14 03:31:18,group2,3,18.569,18.19,3.784,65.33,1
2024-12-14 03:31:18,group3,1,13.071,39.84,3.132,11.0,1
2024-12-14 03:31:18,group3,2,-12.787,19.1,3.259,21.58,1
2024-12-14 03:31:18,group3,3,-16.253,24.31,3.577,48.08,0
2024-12-14 03:31:19,group1,1,-1.575,20.07,3.97,80.83,1
2024-12-14 03:31:19,group1,2,17.473,18.69,3.643,53.58,1
2024-12-14 03:31:19,group1,3,-10.789,38.79,3.36,30.0,1
2024-12-14 03:31:19,group2,1,7.989,16.21,3.504,42.0,0
2024-12-14 03:31:19,group2,2,7.288,44.1,3.556,46.33,0
2024-12-14 03:31:19,group2,3,2.497,39.58,4.075,89.58,0
2024-12-14 03:31:19,group3,1,-4.392,21.32,3.885,73.75,1
2024-12-14 03:31:19,group3,2,-13.89,31.92,3.067,5.58,0
2024-12-14 03:31:19,group3,3,-8.475,39.9,4.099,91.58,0
2024-12-14 03:31:20,group1,1,9.235,17.31,3.721,60.08,0
2024-12-14 03:31:20,group1,2,8.113,23.23,3.962,80.17,1
2024-12-14 03:31:20,group1,3,6.038,27.89,3.087,7.25,0
2024-12-14 03:31:20,group2,1,10.996,28.07,3.717,59.75,0
2024-12-14 03:31:20,group2,2,8.662,42.72,4.148,95.67,0
2024-12-14 03:31:20,group2,3,8.659,23.13,3.199,16.58,1
2024-12-14 03:31:20,group3,1,-18.713,42.38,3.414,34.5,1
2024-12-14 03:31:20,group3,2,19.829,18.35,3.969,80.75,0
2024-12-14 03:31:20,group3,3,-12.791,23.07,4.189,99.08,1
2024-12-14 03:31:21,group1,1,-4.901,26.27,3.006,0.5,1
2024-12-14 03:31:21,group1,2,-11.681,39.81,4.131,94.25,0
2024-12-14 03:31:21,group1,3,5.583,17.71,3.36,30.0,0
2024-12-14 03:31:21,group2,1,-1.463,34.61,3.649,54.08,1
2024-12-14 03:31:21,group2,2,-0.802,42.65,3.043,3.58,1
2024-12-14 03:31:21,group2,3,8.86,35.68,3.739,61.58,0
2024-12-14 03:31:21,group3,1,-0.371,25.33,3.963,80.25,1
2024-12-14 03:31:21,group3,2,-16.052,37.38,3.333,27.75,0
2024-12-14 03:31:21,group3,3,15.058,44.28,4.026,85.5,1
2024-12-14 03:31:22,group1,1,3.392,33.93,3.492,41.0,1
2024-12-14 03:31:22,group1,2,17.066,18.87,3.609,50.75,1
2024-12-14 03:31:22,group1,3,13.103,15.22,4.098,91.5,1
2024-12-14 03:31:22,group2,1,-16.509,18.04,3.729,60.75,0
2024-12-14 03:31:22,group2,2,1.627,24.03,4.172,97.67,1
2024-12-14 03:31:22,group2,3,5.728,43.9,3.553,46.08,1
2024-12-14 03:31:22,group3,1,16.334,15.4,3.321,26.75,0
2024-12-14 03:31:22,group3,2,-2.682,21.09,3.494,41.17,1
2024-12-14 03:31:22,group3,3,18.694,42.75,4.16,96.67,0
2024-12-14 03:31:23,group1,1,16.21,43.24,3.586,48.83,0
2024-12-14 03:31:23,group1,2,3.559,43.56,3.257,21.42,0
2024-12-14 03:31:23,group1,3,12.229,26.11,3.118,9.83,0
2024-12-14 03:31:23,group2,1,-15.46,19.04,3.57,47.5,0
2024-12-14 03:31:23,group2,2,0.708,27.54,4.198,99.83,0
2024-12-14 03:31:23,group2,3,9.724,35.87,3.518,43.17,1
2024-12-14 03:31:23,group3,1,12.084,43.77,4.084,90.33,1
2024-12-14 03:31:23,group3,2,6.055,34.36,3.504,42.0,1
2024-12-14 03:31:23,group3,3,4.543,40.84,4.013,84.42,0
2024-12-14 03:31:24,group1,1,12.511,30.55,3.627,52.25,1
2024-12-14 03:31:24,group1,2,-17.134,27.64,3.659,54.92,1
2024-12-14 03:31:24,group1,3,-15.282,18.03,3.011,0.92,0
2024-12-14 03:31:24,group2,1,-8.172,32.44,3.663,55.25,1
2024-12-14 03:31:24,group2,2,-15.067,42.51,4.162,96.83,0
2024-12-14 03:31:24,group2,3,-8.27,32.49,3.414,34.5,1
2024-12-14 03:31:24,group3,1,-10.435,42.62,3.33,27.5,0
2024-12-14 03:31:24,group3,2,-8.167,37.47,3.71,59.17,1
2024-12-14 03:31:24,group3,3,-15.598,23.7,3.114,9.5,0
2024-12-14 03:31:25,group1,1,-2.036,30.6,3.095,7.92,1
2024-12-14 03:31:25,group1,2,5.739,44.48,3.57,47.5,0
2024-12-14 03:31:25,group1,3,-19.989,19.68,3.174,14.5,1
2024-12-14 03:31:25,group2,1,12.448,22.15,3.656,54.67,1
2024-12-14 03:31:25,group2,2,12.743,30.96,3.172,14.33,0
2024-12-14 03:31:25,group2,3,1.353,39.95,3.828,69.0,1
2024-12-14 03:31:25,group3,1,13.986,20.43,3.69,57.5,1
2024-12-14 03:31:25,group3,2,-1.359,34.79,3.39,32.5,0
2024-12-14 03:31:25,group3,3,-0.024,40.24,3.654,54.5,1
2024-12-14 03:31:26,group1,1,4.805,30.54,3.805,67.08,1
2024-12-14 03:31:26,group1,2,-2.319,38.69,3.06,5.0,1
2024-12-14 03:31:26,group1,3,-12.549,27.31,3.381,31.75,0
2024-12-14 03:31:26,group2,1,-10.996,21.95,4.147,95.58,1
2024-12-14 03:31:26,group2,2,6.223,44.25,3.829,69.08,1
2024-12-14 03:31:26,group2,3,-17.64,32.85,4.143,95.25,1
2024-12-14 03:31:26,group3,1,1.004,37.08,3.199,16.58,0
2024-12-14 03:31:26,group3,2,-6.222,20.0,3.632,52.67,0
2024-12-14 03:31:26,group3,3,-19.775,18.81,3.849,70.75,0
2024-12-14 03:31:27,group1,1,14.059,29.05,4.051,87.58,1
2024-12-14 03:31:27,group1,2,19.563,24.12,4.167,97.25,1
2024-12-14 03:31:27,group1,3,-6.148,28.82,3.585,48.75,0
2024-12-14 03:31:27,group2,1,-1.596,28.01,3.263,21.92,1
2024-12-14 03:31:27,group2,2,15.431,38.51,3.312,26.0,1
2024-12-14 03:31:27,group2,3,6.461,40.45,3.904,75.33,1
2024-12-14 03:31:27,group3,1,-14.059,32.11,4.045,87.08,0
2024-12-14 03:31:27,group3,2,-7.232,35.96,4.024,85.33,1
2024-12-14 03:31:27,group3,3,-4.262,27.23,3.385,32.08,0
2024-12-14 03:31:28,group1,1,-1.422,32.82,3.19,15.83,0
2024-12-14 03:31:28,group1,2,2.435,43.85,3.368,30.67,1
2024-12-14 03:31:28,group1,3,-14.105,44.44,3.502,41.83,0
2024-12-14 03:31:28,group2,1,3.194,37.45,4.123,93.58,0
2024-12-14 03:31:28,group2,2,-16.731,18.51,3.015,1.25,0
2024-12-14 03:31:28,group2,3,-7.886,26.02,3.097,8.08,0
2024-12-14 03:31:28,group3,1,10.284,15.14,3.075,6.25,0
2024-12-14 03:31:28,group3,2,-19.301,36.33,3.445,37.08,1
2024-12-14 03:31:28,group3,3,9.639,25.99,3.378,31.5,0
2024-12-14 03:31:29,group1,1,-9.592,21.89,3.126,10.5,0
2024-12-14 03:31:29,group1,2,-13.926,33.41,3.808,67.33,1
2024-12-14 03:31:29,group1,3,-10.129,25.92,3.457,38.08,1
2024-12-14 03:31:29,group2,1,19.059,26.36,3.199,16.58,1
2024-12-14 03:31:29,group2,2,-9.928,31.53,3.632,52.67,0
2024-12-14 03:31:29,group2,3,9.907,20.79,3.296,24.67,0
2024-12-14 03:31:29,group3,1,-0.046,21.74,3.097,8.08,1
2024-12-14 03:31:29,group3,2,13.073,28.18,4.148,95.67,1
2024-12-14 03:31:29,group3,3,-0.947,18.31,3.607,50.58,1
2024-12-14 03:31:30,group1,1,1.279,25.75,3.85,70.83,0
2024-12-14 03:31:30,group1,2,-3.102,38.78,3.667,55.58,1
2024-12-14 03:31:30,group1,3,8.524,28.28,3.155,12.92,1
2024-12-14 03:31:30,group2,1,9.062,26.33,3.513,42.75,0
2024-12-14 03:31:30,group2,2,7.453,26.12,3.283,23.58,0
2024-12-14 03:31:30,group2,3,2.117,43.4,3.009,0.75,0
2024-12-14 03:31:30,group3,1,16.234,26.52,3.602,50.17,0
2024-12-14 03:31:30,group3,2,-16.493,27.6,3.279,23.25,1
2024-12-14 03:31:30,group3,3,1.117,33.02,3.021,1.75,0
2024-12-14 03:31:31,group1,1,1.003,37.33,3.201,16.75,1
2024-12-14 03:31:31,group1,2,-7.187,19.24,3.986,82.17,1
2024-12-14 03:31:31,group1,3,-15.691,41.19,3.94,78.33,0
2024-12-14 03:31:31,group2,1,0.032,27.92,3.126,10.5,0
2024-12-14 03:31:31,group2,2,-16.263,30.87,4.139,94.92,1
2024-12-14 03:31:31,group2,3,6.186,18.71,3.985,82.08,0
2024-12-14 03:31:31,group3,1,-16.482,40.57,3.316,26.33,1
2024-12-14 03:31:31,group3,2,-16.242,15.43,4.102,91.83,0
2024-12-14 03:31:31,group3,3,6.327,40.45,3.882,73.5,0
2024-12-14 03:31:32,group1,1,-7.062,26.54,3.201,16.75,1
2024-12-14 03:31:32,group1,2,-9.417,18.57,3.84,70.0,0
2024-12-14 03:31:32,group1,3,-4.353,15.82,3.768,64.0,0
2024-12-14 03:31:32,group2,1,10.924,39.94,3.652,54.33,0
2024-12-14 03:31:32,group2,2,-4.285,28.91,3.722,60.17,1
2024-12-14 03:31:32,group2,3,-13.637,42.85,3.505,42.08,1
2024-12-14 03:31:32,group3,1,19.88,37.1,3.483,40.25,0
2024-12-14 03:31:32,group3,2,10.154,34.08,3.982,81.83,0
2024-12-14 03:31:32,group3,3,-16.905,32.96,3.527,43.92,1
2024-12-14 03:31:33,group1,1,14.21,15.14,3.988,82.33,1
2024-12-14 03:31:33,group1,2,6.157,24.35,3.282,23.5,0
2024-12-14 03:31:33,group1,3,-18.756,44.03,3.377,31.42,1
2024-12-14 03:31:33,group2,1,5.621,42.99,3.625,52.08,1
2024-12-14 03:31:33,group2,2,-16.105,33.43,3.688,57.33,1
2024-12-14 03:31:33,group2,3,-10.272,39.26,3.463,38.58,0
2024-12-14 03:31:33,group3,1,17.746,32.92,4.031,85.92,0
2024-12-14 03:31:33,group3,2,1.729,27.58,3.192,16.0,0
2024-12-14 03:31:33,group3,3,-12.465,32.01,3.496,41.33,1
2024-12-14 03:31:34,group1,1,0.158,29.45,3.493,41.08,0
2024-12-14 03:31:34,group1,2,-5.173,33.53,3.151,12.58,1
2024-12-14 03:31:34,group1,3,7.28,28.52,4.056,88.0,1
2024-12-14 03:31:34,group2,1,-8.095,17.0,3.153,12.75,0
2024-12-14 03:31:34,group2,2,11.49,37.62,3.725,60.42,1
2024-12-14 03:31:34,group2,3,3.712,16.76,3.236,19.67,0
2024-12-14 03:31:34,group3,1,10.54,22.02,3.567,47.25,1
2024-12-14 03:31:34,group3,2,-15.275,32.56,3.775,64.58,1
2024-12-14 03:31:34,group3,3,5.601,23.4,3.214,17.83,1
2024-12-14 03:31:35,group1,1,-4.681,22.24,3.884,73.67,0
2024-12-14 03:31:35,group1,2,9.035,21.24,3.106,8.83,0
2024-12-14 03:31:35,group1,3,16.744,17.93,3.768,64.0,1
2024-12-14 03:31:35,group2,1,-5.133,26.48,3.566,47.17,1
2024-12-14 03:31:35,group2,2,14.872,23.1,3.686,57.17,1
2024-12-14 03:31:35,group2,3,-7.33,22.26,3.342,28.5,0
2024-12-14 03:31:35,group3,1,-8.215,38.51,3.068,5.67,1
2024-12-14 03:31:35,group3,2,9.744,37.72,3.25,20.83,0
2024-12-14 03:31:35,group3,3,-3.18,29.94,3.004,0.33,0
2024-12-14 03:31:36,group1,1,13.859,34.78,3.119,9.92,1
2024-12-14 03:31:36,group1,2,-11.715,20.75,3.206,17.17,1
2024-12-14 03:31:36,group1,3,-15.19,37.9,3.362,30.17,1
2024-12-14 03:31:36,group2,1,2.984,44.16,3.769,64.08,0
2024-12-14 03:31:36,group2,2,-17.811,18.85,3.396,33.0,1
2024-12-14 03:31:36,group2,3,-6.134,43.23,3.283,23.58,1
2024-12-14 03:31:36,group3,1,-19.91,40.29,3.597,49.75,0
2024-12-14 03:31:36,group3,2,16.542,37.91,3.952,79.33,0
2024-12-14 03:31:36,group3,3,-11.759,17.85,3.652,54.33,0
2024-12-14 03:31:37,group1,1,17.78,25.02,4.183,98.58,1
2024-12-14 03:31:37,group1,2,7.412,44.74,3.708,59.0,0
2024-12-14 03:31:37,group1,3,-6.016,44.65,3.482,40.17,0
2024-12-14 03:31:37,group2,1,-3.399,40.11,4.001,83.42,0
2024-12-14 03:31:37,group2,2,-8.137,29.56,3.682,56.83,1
2024-12-14 03:31:37,group2,3,-9.218,18.64,4.018,84.83,1
2024-12-14 03:31:37,group3,1,5.745,15.36,3.966,80.5,1
2024-12-14 03:31:37,group3,2,-9.398,38.2,3.78,65.0,1
2024-12-14 03:31:37,group3,3,5.166,42.12,3.915,76.25,1
2024-12-14 03:31:38,group1,1,-15.213,41.45,3.617,51.42,0
2024-12-14 03:31:38,group1,2,-14.884,19.34,4.199,99.92,0
2024-12-14 03:31:38,group1,3,11.32,34.72,3.13,10.83,1
2024-12-14 03:31:38,group2,1,3.31,32.07,3.18,15.0,0
2024-12-14 03:31:38,group2,2,-4.037,44.48,3.854,71.17,1
2024-12-14 03:31:38,group2,3,-11.187,39.86,3.7,58.33,1
2024-12-14 03:31:38,group3,1,14.752,26.8,3.731,60.92,0
2024-12-14 03:31:38,group3,2,1.136,38.57,3.022,1.83,1
2024-12-14 03:31:38,group3,3,-1.67,23.69,3.413,34.42,0
2024-12-14 03:31:39,group1,1,-11.811,40.66,3.037,3.08,1
2024-12-14 03:31:39,group1,2,-4.404,25.42,4.099,91.58,0
2024-12-14 03:31:39,group1,3,16.981,34.08,3.131,10.92,1
2024-12-14 03:31:39,group2,1,-10.017,31.95,4.108,92.33,1
2024-12-14 03:31:39,group2,2,13.916,19.64,3.018,1.5,1
2024-12-14 03:31:39,group2,3,5.079,24.46,3.457,38.08,0
2024-12-14 03:31:39,group3,1,3.447,17.87,3.969,80.75,0
2024-12-14 03:31:39,group3,2,16.59,34.02,3.267,22.25,0
2024-12-14 03:31:39,group3,3,-6.23,36.91,3.652,54.33,0
2024-12-14 03:31:40,group1,1,-18.622,30.89,3.892,74.33,0
2024-12-14 03:31:40,group1,2,-8.516,16.61,3.512,42.67,1
2024-12-14 03:31:40,group1,3,4.584,44.11,3.115,9.58,0
2024-12-14 03:31:40,group2,1,-13.278,25.01,3.972,81.0,1
2024-12-14 03:31:40,group2,2,7.282,39.06,3.588,49.0,1
2024-12-14 03:31:40,group2,3,14.332,24.41,4.095,91.25,1
2024-12-14 03:31:40,group3,1,4.819,42.45,3.79,65.83,0
2024-12-14 03:31:40,group3,2,0.957,36.23,3.127,10.58,0
2024-12-14 03:31:40,group3,3,0.633,38.51,3.138,11.5,1
2024-12-14 03:31:41,group1,1,15.278,32.57,4.089,90.75,0
2024-12-14 03:31:41,group1,2,12.982,36.98,4.172,97.67,0
2024-12-14 03:31:41,group1,3,-6.359,18.14,3.645,53.75,0
2024-12-14 03:31:41,group2,1,2.856,19.97,3.406,33.83,1
2024-12-14 03:31:41,group2,2,9.709,38.87,4.079,89.92,1
2024-12-14 03:31:41,group2,3,-16.112,21.69,3.355,29.58,0
2024-12-14 03:31:41,group3,1,5.499,36.71,3.718,59.83,0
2024-12-14 03:31:41,group3,2,-2.132,38.21,3.132,11.0,1
2024-12-14 03:31:41,group3,3,12.076,42.9,3.089,7.42,0
2024-12-14 03:31:42,group1,1,-13.286,17.07,3.175,14.58,1
2024-12-14 03:31:42,group1,2,-14.397,29.6,3.529,44.08,1
2024-12-14 03:31:42,group1,3,11.722,26.41,3.416,34.67,0
2024-12-14 03:31:42,group2,1,-6.275,18.42,3.351,29.25,0
2024-12-14 03:31:42,group2,2,19.093,24.1,3.147,12.25,1
2024-12-14 03:31:42,group2,3,-7.508,15.77,3.156,13.0,0
2024-12-14 03:31:42,group3,1,-7.285,34.62,3.08,6.67,1
2024-12-14 03:31:42,group3,2,-11.385,15.25,3.58,48.33,0
2024-12-14 03:31:42,group3,3,11.713,18.0,4.007,83.92,0
2024-12-14 03:31:43,group1,1,-4.903,26.5,3.887,73.92,0
2024-12-14 03:31:43,group1,2,15.269,32.37,3.301,25.08,0
2024-12-14 03:31:43,group1,3,-2.532,17.77,3.941,78.42,1
2024-12-14 03:31:43,group2,1,-4.09,26.17,3.026,2.17,1
2024-12-14 03:31:43,group2,2,-16.344,28.6,4.096,91.33,0
2024-12-14 03:31:43,group2,3,3.178,28.94,3.622,51.83,0
2024-12-14 03:31:43,group3,1,-10.791,35.32,3.274,22.83,0
2024-12-14 03:31:43,group3,2,-5.163,19.39,3.836,69.67,0
2024-12-14 03:31:43,group3,3,1.65,16.18,3.95,79.17,0
2024-12-14 03:31:44,group1,1,0.388,16.44,3.318,26.5,1
2024-12-14 03:31:44,group1,2,1.157,30.9,3.229,19.08,1
2024-12-14 03:31:44,group1,3,13.89,25.2,3.877,73.08,0
2024-12-14 03:31:44,group2,1,-2.349,33.94,3.484,40.33,0
2024-12-14 03:31:44,group2,2,-7.871,34.33,3.015,1.25,0
2024-12-14 03:31:44,group2,3,-11.815,16.02,4.153,96.08,1
2024-12-14 03:31:44,group3,1,-0.452,31.78,3.927,77.25,1
2024-12-14 03:31:44,group3,2,7.244,44.21,3.199,16.58,0
2024-12-14 03:31:44,group3,3,9.25,19.16,4.146,95.5,1
2024-12-14 03:31:45,group1,1,-12.465,21.14,3.782,65.17,1
2024-12-14 03:31:45,group1,2,-8.575,17.12,3.013,1.08,1
2024-12-14 03:31:45,group1,3,-13.349,40.24,3.466,38.83,1
2024-12-14 03:31:45,group2,1,1.202,44.19,3.595,49.58,0
2024-12-14 03:31:45,group2,2,6.851,30.5,3.584,48.67,0
2024-12-14 03:31:45,group2,3,-9.797,40.99,3.614,51.17,1
2024-12-14 03:31:45,group3,1,6.239,29.91,4.083,90.25,0
2024-12-14 03:31:45,group3,2,-9.915,31.88,3.534,44.5,0
2024-12-14 03:31:45,group3,3,16.179,36.25,4.009,84.08,1
2024-12-14 03:31:46,group1,1,2.744,40.76,4.176,98.0,1
2024-12-14 03:31:46,group1,2,3.065,19.34,3.972,81.0,0
2024-12-14 03:31:46,group1,3,4.926,21.76,3.068,5.67,1
2024-12-14 03:31:46,group2,1,8.781,34.45,3.11,9.17,0
2024-12-14 03:31:46,group2,2,-4.225,39.62,4.127,93.92,1
2024-12-14 03:31:46,group2,3,18.197,17.19,3.783,65.25,1
2024-12-14 03:31:46,group3,1,1.24,18.58,3.78,65.0,0
2024-12-14 03:31:46,group3,2,7.923,40.73,3.348,29.0,0
2024-12-14 03:31:46,group3,3,8.875,17.24,3.157,13.08,1
2024-12-14 03:31:47,group1,1,12.137,29.29,3.078,6.5,0
2024-12-14 03:31:47,group1,2,11.933,22.99,4.168,97.33,0
2024-12-14 03:31:47,group1,3,17.099,30.48,3.002,0.17,0
2024-12-14 03:31:47,group2,1,5.178,40.29,3.846,70.5,0
2024-12-14 03:31:47,group2,2,8.575,42.38,4.168,97.33,1
2024-12-14 03:31:47,group2,3,14.205,44.73,3.218,18.17,0
2024-12-14 03:31:47,group3,1,0.246,17.02,3.195,16.25,0
2024-12-14 03:31:47,group3,2,0.138,26.56,4.089,90.75,0
2024-12-14 03:31:47,group3,3,-18.184,36.0,3.996,83.0,1
2024-12-14 03:31:48,group1,1,-13.309,40.5,3.571,47.58,0
2024-12-14 03:31:48,group1,2,-16.621,40.48,3.427,35.58,1
2024-12-14 03:31:48,group1,3,-0.008,19.31,3.432,36.0,0
2024-12-14 03:31:48,group2,1,13.855,16.46,3.329,27.42,1
2024-12-14 03:31:48,group2,2,11.069,16.92,3.455,37.92,0
2024-12-14 03:31:48,group2,3,-18.227,42.69,3.958,79.83,0
2024-12-14 03:31:48,group3,1,14.886,28.57,3.114,9.5,0
2024-12-14 03:31:48,group3,2,1.195,30.14,3.935,77.92,1
2024-12-14 03:31:48,group3,3,-7.844,15.03,3.621,51.75,1
2024-12-14 03:31:49,group1,1,12.595,41.13,4.126,93.83,0
2024-12-14 03:31:49,group1,2,-13.075,25.15,3.519,43.25,1
2024-12-14 03:31:49,group1,3,-12.731,42.73,3.748,62.33,0
2024-12-14 03:31:49,group2,1,19.695,40.07,3.879,73.25,1
2024-12-14 03:31:49,group2,2,-17.279,38.44,3.019,1.58,1
2024-12-14 03:31:49,group2,3,4.265,22.63,3.893,74.42,0
2024-12-14 03:31:49,group3,1,11.716,20.84,3.636,53.0,0
2024-12-14 03:31:49,group3,2,1.441,22.77,3.378,31.5,0
2024-12-14 03:31:49,group3,3,-14.92,25.92,3.959,79.92,0
2024-12-14 03:31:50,group1,1,-18.429,40.64,3.119,9.92,1
2024-12-14 03:31:50,group1,2,-11.281,15.95,3.937,78.08,0
2024-12-14 03:31:50,group1,3,1.925,42.55,4.127,93.92,1
2024-12-14 03:31:50,group2,1,-5.792,32.09,3.233,19.42,0
2024-12-14 03:31:50,group2,2,17.994,34.55,3.875,72.92,1
2024-12-14 03:31:50,group2,3,15.894,34.14,3.106,8.83,1
2024-12-14 03:31:50,group3,1,-19.115,28.65,3.206,17.17,1
2024-12-14 03:31:50,group3,2,17.353,39.14,3.5,41.67,0
2024-12-14 03:31:50,group3,3,6.831,23.29,4.161,96.75,0
2024-12-14 03:31:51,group1,1,-18.804,31.44,3.61,50.83,0
2024-12-14 03:31:51,group1,2,-17.137,19.27,3.837,69.75,0
2024-12-14 03:31:51,group1,3,-2.756,16.02,4.089,90.75,1
2024-12-14 03:31:51,group2,1,-15.777,41.18,3.882,73.5,0
2024-12-14 03:31:51,group2,2,5.18,26.73,3.903,75.25,0
2024-12-14 03:31:51,group2,3,12.787,21.2,3.984,82.0,0
2024-12-14 03:31:51,group3,1,12.869,26.1,4.147,95.58,0
2024-12-14 03:31:51,group3,2,5.362,35.5,3.28,23.33,1
2024-12-14 03:31:51,group3,3,-14.232,26.79,3.095,7.92,1
2024-12-14 03:31:52,group1,1,-13.811,30.56,4.165,97.08,1
2024-12-14 03:31:52,group1,2,16.843,34.48,3.992,82.67,0
2024-12-14 03:31:52,group1,3,14.784,43.85,4.094,91.17,0
2024-12-14 03:31:52,group2,1,-4.249,44.02,3.519,43.25,1
2024-12-14 03:31:52,group2,2,4.531,30.43,4.114,92.83,1
2024-12-14 03:31:52,group2,3,-19.604,37.32,3.683,56.92,1
2024-12-14 03:31:52,group3,1,-14.067,29.27,3.382,31.83,0
2024-12-14 03:31:52,group3,2,6.973,31.31,3.271,22.58,0
2024-12-14 03:31:52,group3,3,-6.738,35.22,3.328,27.33,1
2024-12-14 03:31:53,group1,1,-7.504,18.86,4.189,99.08,0
2024-12-14 03:31:53,group1,2,5.123,23.6,3.948,79.0,0
2024-12-14 03:31:53,group1,3,-15.234,40.01,3.184,15.33,1
2024-12-14 03:31:53,group2,1,8.725,26.78,3.797,66.42,1
2024-12-14 03:31:53,group2,2,12.843,37.67,3.411,34.25,1
2024-12-14 03:31:53,group2,3,14.65,19.34,3.684,57.0,0
2024-12-14 03:31:53,group3,1,-18.963,17.25,3.118,9.83,0
2024-12-14 03:31:53,group3,2,7.06,43.12,3.025,2.08,1
2024-12-14 03:31:53,group3,3,-5.687,34.07,4.016,84.67,1
2024-12-14 03:31:54,group1,1,16.892,35.27,3.642,53.5,1
2024-12-14 03:31:54,group1,2,-14.81,30.3,3.396,33.0,1
2024-12-14 03:31:54,group1,3,-16.84,33.21,4.186,98.83,0
2024-12-14 03:31:54,group2,1,-9.643,41.39,3.055,4.58,1
2024-12-14 03:31:54,group2,2,9.432,40.11,3.127,10.58,1
2024-12-14 03:31:54,group2,3,-0.365,39.58,4.192,99.33,0
2024-12-14 03:31:54,group3,1,15.886,38.68,3.394,32.83,0
2024-12-14 03:31:54,group3,2,-12.286,35.37,3.517,43.08,1
2024-12-14 03:31:54,group3,3,10.226,19.57,3.055,4.58,0
2024-12-14 03:31:55,group1,1,19.297,41.72,3.971,80.92,1
2024-12-14 03:31:55,group1,2,-19.129,20.39,3.389,32.42,0
2024-12-14 03:31:55,group1,3,13.147,28.41,3.363,30.25,1
2024-12-14 03:31:55,group2,1,-7.979,36.13,3.829,69.08,0
2024-12-14 03:31:55,group2,2,9.486,43.73,3.821,68.42,1
2024-12-14 03:31:55,group2,3,-11.802,37.63,3.243,20.25,1
2024-12-14 03:31:55,group3,1,8.403,30.67,3.863,71.92,1
2024-12-14 03:31:55,group3,2,6.847,21.23,3.365,30.42,0
2024-12-14 03:31:55,group3,3,-10.432,19.06,4.154,96.17,1
2024-12-14 03:31:56,group1,1,-19.742,23.0,3.482,40.17,1
2024-12-14 03:31:56,group1,2,1.632,20.38,3.859,71.58,1
2024-12-14 03:31:56,group1,3,-17.103,16.15,3.987,82.25,0
2024-12-14 03:31:56,group2,1,15.781,24.24,3.756,63.0,1
2024-12-14 03:31:56,group2,2,15.683,23.75,3.785,65.42,1
2024-12-14 03:31:56,group2,3,12.272,32.41,3.181,15.08,1
2024-12-14 03:31:56,group3,1,12.406,25.84,3.983,81.92,0
2024-12-14 03:31:56,group3,2,-11.124,44.0,3.771,64.25,1
2024-12-14 03:31:56,group3,3,18.075,23.89,3.182,15.17,0
2024-12-14 03:31:57,group1,1,14.293,34.02,3.081,6.75,0
2024-12-14 03:31:57,group1,2,-0.314,22.91,3.869,72.42,1
2024-12-14 03:31:57,group1,3,-2.414,16.2,3.944,78.67,0
2024-12-14 03:31:57,group2,1,-3.664,26.88,3.81,67.5,0
2024-12-14 03:31:57,group2,2,-6.203,38.24,3.551,45.92,0
2024-12-14 03:31:57,group2,3,-19.804,18.98,3.247,20.58,1
2024-12-14 03:31:57,group3,1,-6.977,25.79,3.583,48.58,1
2024-12-14 03:31:57,group3,2,12.663,26.41,4.124,93.67,1
2024-12-14 03:31:57,group3,3,-12.147,37.13,3.374,31.17,0
2024-12-14 03:31:58,group1,1,6.08,17.61,3.338,28.17,0
2024-12-14 03:31:58,group1,2,-10.98,43.86,3.374,31.17,0
2024-12-14 03:31:58,group1,3,-3.611,36.77,3.58,48.33,1
2024-12-14 03:31:58,group2,1,5.795,22.59,3.152,12.67,0
2024-12-14 03:31:58,group2,2,15.022,15.05,4.087,90.58,1
2024-12-14 03:31:58,group2,3,-16.471,43.36,3.994,82.83,1
2024-12-14 03:31:58,group3,1,7.172,15.42,3.456,38.0,0
2024-12-14 03:31:58,group3,2,-12.701,29.58,4.041,86.75,0
2024-12-14 03:31:58,group3,3,-1.087,40.68,3.93,77.5,1
2024-12-14 03:31:59,group1,1,13.904,26.66,3.28,23.33,1
2024-12-14 03:31:59,group1,2,19.152,16.71,3.856,71.33,1
2024-12-14 03:31:59,group1,3,-1.103,26.5,3.253,21.08,1
2024-12-14 03:31:59,group2,1,-7.084,32.93,3.69,57.5,1
2024-12-14 03:31:59,group2,2,-15.602,42.05,3.703,58.58,1
2024-12-14 03:31:59,group2,3,9.974,25.92,4.102,91.83,1
2024-12-14 03:31:59,group3,1,8.736,18.03,3.199,16.58,1
2024-12-14 03:31:59,group3,2,14.426,30.22,3.552,46.0,0
2024-12-14 03:31:59,group3,3,17.395,39.04,3.835,69.58,1
2024-12-14 03:32:00,group1,1,14.331,37.99,3.387,32.25,0
2024-12-14 03:32:00,group1,2,13.354,41.52,3.184,15.33,0
2024-12-14 03:32:00,group1,3,18.934,41.37,3.591,49.25,1
2024-12-14 03:32:00,group2,1,4.866,40.5,3.901,75.08,0
2024-12-14 03:32:00,group2,2,-7.451,38.44,3.292,24.33,0
2024-12-14 03:32:00,group2,3,-7.261,15.12,3.586,48.83,0
2024-12-14 03:32:00,group3,1,14.518,42.2,3.633,52.75,0
2024-12-14 03:32:00,group3,2,-12.687,17.58,3.781,65.08,0
2024-12-14 03:32:00,group3,3,-15.107,15.31,3.849,70.75,1
2024-12-14 03:32:01,group1,1,17.881,39.23,3.116,9.67,1
2024-12-14 03:32:01,group1,2,10.354,34.16,4.023,85.25,1
2024-12-14 03:32:01,group1,3,-8.238,32.86,3.225,18.75,1
2024-12-14 03:32:01,group2,1,-17.6,29.84,3.308,25.67,0
2024-12-14 03:32:01,group2,2,19.971,32.78,3.518,43.17,0
2024-12-14 03:32:01,group2,3,14.231,19.8,3.324,27.0,1
2024-12-14 03:32:01,group3,1,8.214,33.26,3.144,12.0,1
2024-12-14 03:32:01,group3,2,-16.375,40.39,3.272,22.67,1
2024-12-14 03:32:01,group3,3,8.659,29.52,3.535,44.58,1
2024-12-14 03:32:02,group1,1,14.31,36.72,4.148,95.67,1
2024-12-14 03:32:02,group1,2,6.868,41.17,3.5,41.67,0
2024-12-14 03:32:02,group1,3,-9.576,34.02,4.104,92.0,1
2024-12-14 03:32:02,group2,1,14.222,25.72,3.486,40.5,0
2024-12-14 03:32:02,group2,2,8.149,31.31,3.706,58.83,0
2024-12-14 03:32:02,group2,3,-19.387,38.3,3.652,54.33,0
2024-12-14 03:32:02,group3,1,-2.319,44.09,3.694,57.83,0
2024-12-14 03:32:02,group3,2,-14.545,20.81,3.188,15.67,0
2024-12-14 03:32:02,group3,3,-10.747,42.48,3.629,52.42,0
2024-12-14 03:32:03,group1,1,9.594,30.99,3.766,63.83,0
2024-12-14 03:32:03,group1,2,-0.492,23.09,3.501,41.75,1
2024-12-14 03:32:03,group1,3,0.608,34.54,3.209,17.42,1
2024-12-14 03:32:03,group2,1,1.927,42.19,4.15,95.83,0
2024-12-14 03:32:03,group2,2,16.808,38.92,3.183,15.25,0
2024-12-14 03:32:03,group2,3,5.942,37.42,3.211,17.58,1
2024-12-14 03:32:03,group3,1,18.16,29.96,4.066,88.83,0
2024-12-14 03:32:03,group3,2,1.23,21.12,3.535,44.58,0
2024-12-14 03:32:03,group3,3,3.208,18.33,3.271,22.58,1
2024-12-14 03:32:04,group1,1,6.659,22.09,3.046,3.83,1
2024-12-14 03:32:04,group1,2,-18.789,42.26,3.93,77.5,0
2024-12-14 03:32:04,group1,3,-10.648,26.21,3.134,11.17,0
2024-12-14 03:32:04,group2,1,-7.995,27.42,3.558,46.5,1
2024-12-14 03:32:04,group2,2,7.883,34.62,3.732,61.0,0
2024-12-14 03:32:04,group2,3,-8.645,40.46,3.035,2.92,1
2024-12-14 03:32:04,group3,1,3.116,20.25,3.693,57.75,1
2024-12-14 03:32:04,group3,2,18.522,20.39,3.407,33.92,1
2024-12-14 03:32:04,group3,3,4.79,30.85,3.643,53.58,1
2024-12-14 03:32:05,group1,1,19.656,25.49,3.637,53.08,1
2024-12-14 03:32:05,group1,2,-19.711,19.58,3.59,49.17,0
2024-12-14 03:32:05,group1,3,8.166,38.51,4.025,85.42,1
2024-12-14 03:32:05,group2,1,-2.754,44.57,3.829,69.08,0
2024-12-14 03:32:05,group2,2,-17.998,22.34,3.998,83.17,0
2024-12-14 03:32:05,group2,3,7.181,38.28,3.657,54.75,1
2024-12-14 03:32:05,group3,1,-1.927,26.22,3.915,76.25,0
2024-12-14 03:32:05,group3,2,-10.274,29.85,4.094,91.17,0
2024-12-14 03:32:05,group3,3,9.018,42.3,3.43,35.83,1
2024-12-14 03:32:06,group1,1,16.505,44.26,3.324,27.0,1
2024-12-14 03:32:06,group1,2,-5.34,41.51,3.697,58.08,0
2024-12-14 03:32:06,group1,3,-15.017,25.53,3.834,69.5,0
2024-12-14 03:32:06,group2,1,-2.04,42.84,3.266,22.17,1
2024-12-14 03:32:06,group2,2,17.9,25.52,3.152,12.67,0
2024-12-14 03:32:06,group2,3,12.312,15.93,3.151,12.58,1
2024-12-14 03:32:06,group3,1,-2.445,30.03,3.969,80.75,0
2024-12-14 03:32:06,group3,2,2.436,43.44,3.361,30.08,1
2024-12-14 03:32:06,group3,3,4.572,44.4,3.683,56.92,1
2024-12-14 03:32:07,group1,1,-11.945,42.53,3.663,55.25,0
2024-12-14 03:32:07,group1,2,-2.265,36.89,3.085,7.08,1
2024-12-14 03:32:07,group1,3,-9.749,16.51,4.145,95.42,1
2024-12-14 03:32:07,group2,1,7.33,20.58,3.771,64.25,0
2024-12-14 03:32:07,group2,2,-2.451,31.59,3.885,73.75,0
2024-12-14 03:32:07,group2,3,3.403,16.93,4.075,89.58,1
2024-12-14 03:32:07,group3,1,-4.525,39.26,3.749,62.42,0
2024-12-14 03:32:07,group3,2,9.44,34.86,3.947,78.92,1
2024-12-14 03:32:07,group3,3,2.033,25.35,3.593,49.42,1
2024-12-14 03:32:08,group1,1,-9.775,25.28,3.988,82.33,0
2024-12-14 03:32:08,group1,2,7.089,15.35,3.988,82.33,0
2024-12-14 03:32:08,group1,3,10.772,29.59,4.178,98.17,1
2024-12-14 03:32:08,group2,1,-16.828,33.88,3.942,78.5,1
2024-12-14 03:32:08,group2,2,10.212,39.67,3.822,68.5,0
2024-12-14 03:32:08,group2,3,2.271,22.32,3.356,29.67,1
2024-12-14 03:32:08,group3,1,16.107,19.1,4.044,87.0,1
2024-12-14 03:32:08,group3,2,-0.998,21.1,3.476,39.67,1
2024-12-14 03:32:08,group3,3,-3.88,38.84,3.417,34.75,0
2024-12-14 03:32:09,group1,1,-8.175,40.67,3.322,26.83,0
2024-12-14 03:32:09,group1,2,-16.639,39.68,3.671,55.92,1
2024-12-14 03:32:09,group1,3,15.268,24.84,3.987,82.25,1
2024-12-14 03:32:09,group2,1,2.532,39.11,3.946,78.83,0
2024-12-14 03:32:09,group2,2,17.561,39.83,3.959,79.92,1
2024-12-14 03:32:09,group2,3,7.3,39.22,3.78,65.0,0
2024-12-14 03:32:09,group3,1,-1.144,41.72,3.022,1.83,0
2024-12-14 03:32:09,group3,2,-14.981,17.95,3.951,79.25,1
2024-12-14 03:32:09,group3,3,-10.049,38.5,3.497,41.42,0
2024-12-14 03:32:10,group1,1,17.087,37.79,3.67,55.83,0
2024-12-14 03:32:10,group1,2,-16.901,19.81,3.972,81.0,0
2024-12-14 03:32:10,group1,3,-1.016,27.78,3.006,0.5,0
2024-12-14 03:32:10,group2,1,-19.909,22.9,3.57,47.5,0
2024-12-14 03:32:10,group2,2,-17.572,42.32,3.694,57.83,1
2024-12-14 03:32:10,group2,3,-15.522,38.69,4.176,98.0,0
2024-12-14 03:32:10,group3,1,11.3,28.37,3.607,50.58,1
2024-12-14 03:32:10,group3,2,4.818,32.27,4.116,93.0,1
2024-12-14 03:32:10,group3,3,3.836,35.7,3.527,43.92,1
2024-12-14 03:32:11,group1,1,15.21,23.55,3.343,28.58,0
2024-12-14 03:32:11,group1,2,9.499,38.79,3.356,29.67,0
2024-12-14 03:32:11,group1,3,-10.746,26.83,3.04,3.33,1
2024-12-14 03:32:11,group2,1,-0.895,34.77,3.645,53.75,1
2024-12-14 03:32:11,group2,2,15.41,33.65,4.172,97.67,0
2024-12-14 03:32:11,group2,3,9.245,41.05,3.863,71.92,0
2024-12-14 03:32:11,group3,1,13.327,34.56,3.518,43.17,1
2024-12-14 03:32:11,group3,2,-17.474,20.71,3.458,38.17,0
2024-12-14 03:32:11,group3,3,16.403,31.99,3.087,7.25,0
2024-12-14 03:32:12,group1,1,14.326,43.66,3.836,69.67,0
2024-12-14 03:32:12,group1,2,16.165,24.18,3.358,29.83,0
2024-12-14 03:32:12,group1,3,2.8,22.86,3.687,57.25,1
2024-12-14 03:32:12,group2,1,4.931,28.89,3.288,24.0,1
2024-12-14 03:32:12,group2,2,1.536,21.09,3.756,63.0,1
2024-12-14 03:32:12,group2,3,-8.613,15.56,3.495,41.25,0
2024-12-14 03:32:12,group3,1,-12.57,15.15,3.147,12.25,0
2024-12-14 03:32:12,group3,2,7.644,44.26,3.68,56.67,0
2024-12-14 03:32:12,group3,3,-1.213,22.17,4.106,92.17,1
2024-12-14 03:32:13,group1,1,-16.425,37.7,4.015,84.58,0
2024-12-14 03:32:13,group1,2,10.802,23.73,3.509,42.42,1
2024-12-14 03:32:13,group1,3,7.474,20.32,3.707,58.92,0
2024-12-14 03:32:13,group2,1,9.695,16.45,3.16,13.33,0
2024-12-14 03:32:13,group2,2,-3.949,27.84,3.073,6.08,1
2024-12-14 03:32:13,group2,3,4.978,15.83,3.673,56.08,1
2024-12-14 03:32:13,group3,1,7.511,21.8,4.192,99.33,1
2024-12-14 03:32:13,group3,2,-6.031,15.03,3.069,5.75,0
2024-12-14 03:32:13,group3,3,4.73,17.48,4.018,84.83,1
2024-12-14 03:32:14,group1,1,1.879,30.06,3.327,27.25,0
2024-12-14 03:32:14,group1,2,-9.366,24.84,3.372,31.0,1
2024-12-14 03:32:14,group1,3,19.879,28.28,3.565,47.08,0
2024-12-14 03:32:14,group2,1,11.097,44.27,3.68,56.67,0
2024-12-14 03:32:14,group2,2,-15.58,19.7,3.62,51.67,0
2024-12-14 03:32:14,group2,3,16.82,20.69,3.265,22.08,0
2024-12-14 03:32:14,group3,1,-17.751,19.77,3.501,41.75,1
2024-12-14 03:32:14,group3,2,-18.985,22.77,3.547,45.58,1
2024-12-14 03:32:14,group3,3,-1.577,33.93,3.295,24.58,1
2024-12-14 03:32:15,group1,1,8.657,26.85,3.059,4.92,1
2024-12-14 03:32:15,group1,2,-3.363,19.06,3.621,51.75,1
2024-12-14 03:32:15,group1,3,4.863,15.47,3.489,40.75,1
2024-12-14 03:32:15,group2,1,-15.804,44.89,3.693,57.75,1
2024-12-14 03:32:15,group2,2,9.236,21.14,3.859,71.58,1
2024-12-14 03:32:15,group2,3,14.861,30.51,3.525,43.75,1
2024-12-14 03:32:15,group3,1,-1.373,31.9,3.768,64.0,1
2024-12-14 03:32:15,group3,2,6.112,35.65,4.036,86.33,0
2024-12-14 03:32:15,group3,3,12.929,34.28,3.957,79.75,1
2024-12-14 03:32:16,group1,1,8.873,25.12,3.052,4.33,1
2024-12-14 03:32:16,group1,2,16.017,31.46,3.094,7.83,1
2024-12-14 03:32:16,group1,3,2.6,30.23,3.726,60.5,1
2024-12-14 03:32:16,group2,1,9.079,25.85,3.477,39.75,0
2024-12-14 03:32:16,group2,2,13.39,15.9,3.648,54.0,0
2024-12-14 03:32:16,group2,3,-9.385,40.19,3.005,0.42,1
2024-12-14 03:32:16,group3,1,3.102,25.62,3.154,12.83,0
2024-12-14 03:32:16,group3,2,-10.388,31.17,4.006,83.83,1
2024-12-14 03:32:16,group3,3,8.108,16.11,3.32,26.67,0
2024-12-14 03:32:17,group1,1,1.259,24.16,4.147,95.58,1
2024-12-14 03:32:17,group1,2,4.293,19.37,3.047,3.92,1
2024-12-14 03:32:17,group1,3,-7.135,38.78,3.704,58.67,0
2024-12-14 03:32:17,group2,1,-0.6,39.97,3.592,49.33,0
2024-12-14 03:32:17,group2,2,16.788,38.81,3.911,75.92,1
2024-12-14 03:32:17,group2,3,-16.01,24.99,3.542,45.17,0
2024-12-14 03:32:17,group3,1,7.86,39.64,3.394,32.83,1
2024-12-14 03:32:17,group3,2,6.694,36.23,3.366,30.5,1
2024-12-14 03:32:17,group3,3,-9.152,42.66,4.054,87.83,0
2024-12-14 03:32:18,group1,1,12.752,34.25,3.937,78.08,1
2024-12-14 03:32:18,group1,2,13.659,33.66,4.124,93.67,1
2024-12-14 03:32:18,group1,3,-4.685,35.34,3.919,76.58,1
2024-12-14 03:32:18,group2,1,9.351,17.88,3.737,61.42,0
2024-12-14 03:32:18,group2,2,-7.692,19.85,3.599,49.92,1
2024-12-14 03:32:18,group2,3,9.502,43.44,3.56,46.67,0
2024-12-14 03:32:18,group3,1,11.042,15.8,4.0,83.33,1
2024-12-14 03:32:18,group3,2,17.571,25.68,4.136,94.67,1
2024-12-14 03:32:18,group3,3,-4.133,26.65,3.051,4.25,1
2024-12-14 03:32:19,group1,1,13.75,33.21,3.842,70.17,0
2024-12-14 03:32:19,group1,2,-17.257,32.32,3.023,1.92,1
2024-12-14 03:32:19,group1,3,-18.026,36.81,3.671,55.92,1
2024-12-14 03:32:19,group2,1,6.912,36.44,3.25,20.83,0
2024-12-14 03:32:19,group2,2,-19.077,39.44,3.959,79.92,1
2024-12-14 03:32:19,group2,3,-1.218,26.01,4.032,86.0,1
2024-12-14 03:32:19,group3,1,6.929,21.03,3.959,79.92,1
2024-12-14 03:32:19,group3,2,-17.267,43.78,3.248,20.67,0
2024-12-14 03:32:19,group3,3,15.8,16.71,3.334,27.83,0
2024-12-14 03:32:20,group1,1,-9.027,43.05,3.63,52.5,1
2024-12-14 03:32:20,group1,2,-6.155,20.29,3.064,5.33,1
2024-12-14 03:32:20,group1,3,-5.374,21.09,3.393,32.75,0
2024-12-14 03:32:20,group2,1,0.019,18.34,3.53,44.17,1
2024-12-14 03:32:20,group2,2,9.207,22.06,3.015,1.25,0
2024-12-14 03:32:20,group2,3,9.1,27.54,4.187,98.92,0
2024-12-14 03:32:20,group3,1,2.186,29.05,3.378,31.5,1
2024-12-14 03:32:20,group3,2,9.856,40.57,3.837,69.75,0
2024-12-14 03:32:20,group3,3,0.848,16.26,3.84,70.0,1
2024-12-14 03:32:21,group1,1,-5.255,34.05,3.979,81.58,0
2024-12-14 03:32:21,group1,2,-16.507,26.26,3.214,17.83,1
2024-12-14 03:32:21,group1,3,-15.028,17.94,3.373,31.08,0
2024-12-14 03:32:21,group2,1,-18.657,23.63,3.404,33.67,1
2024-12-14 03:32:21,group2,2,-12.526,37.96,3.122,10.17,1
2024-12-14 03:32:21,group2,3,16.249,18.87,3.159,13.25,1
2024-12-14 03:32:21,group3,1,-4.135,38.19,3.724,60.33,1
2024-12-14 03:32:21,group3,2,15.622,33.98,3.214,17.83,1
2024-12-14 03:32:21,group3,3,4.639,44.95,3.831,69.25,1
2024-12-14 03:32:22,group1,1,-9.263,26.6,3.429,35.75,1
2024-12-14 03:32:22,group1,2,8.33,44.44,3.052,4.33,0
2024-12-14 03:32:22,group1,3,18.253,19.55,3.977,81.42,1
2024-12-14 03:32:22,group2,1,14.12,28.78,3.731,60.92,0
2024-12-14 03:32:22,group2,2,13.231,37.86,3.427,35.58,1
2024-12-14 03:32:22,group2,3,-8.542,28.7,3.947,78.92,1
2024-12-14 03:32:22,group3,1,12.805,21.55,4.177,98.08,0
2024-12-14 03:32:22,group3,2,-14.081,25.16,4.026,85.5,0
2024-12-14 03:32:22,group3,3,5.536,15.57,3.145,12.08,0
2024-12-14 03:32:23,group1,1,18.105,29.63,3.811,67.58,0
2024-12-14 03:32:23,group1,2,15.222,39.23,3.652,54.33,1
2024-12-14 03:32:23,group1,3,7.351,38.53,3.166,13.83,1
2024-12-14 03:32:23,group2,1,-15.538,20.35,3.326,27.17,0
2024-12-14 03:32:23,group2,2,-8.838,18.33,3.748,62.33,1
2024-12-14 03:32:23,group2,3,4.433,34.53,3.249,20.75,1
2024-12-14 03:32:23,group3,1,-9.382,18.54,4.065,88.75,1
2024-12-14 03:32:23,group3,2,-2.524,27.04,3.591,49.25,0
2024-12-14 03:32:23,group3,3,18.824,29.59,4.142,95.17,0
2024-12-14 03:32:24,group1,1,11.93,32.74,3.342,28.5,1
2024-12-14 03:32:24,group1,2,-6.223,29.14,3.771,64.25,1
2024-12-14 03:32:24,group1,3,-9.067,27.86,3.435,36.25,1
2024-12-14 03:32:24,group2,1,-5.537,32.98,3.815,67.92,0
2024-12-14 03:32:24,group2,2,10.261,21.67,4.091,90.92,1
2024-12-14 03:32:24,group2,3,14.92,26.9,3.319,26.58,0
2024-12-14 03:32:24,group3,1,6.342,29.03,4.181,98.42,1
2024-12-14 03:32:24,group3,2,1.115,31.24,3.677,56.42,0
2024-12-14 03:32:24,group3,3,16.893,38.51,3.013,1.08,0
2024-12-14 03:32:25,group1,1,1.148,39.83,4.027,85.58,0
2024-12-14 03:32:25,group1,2,-5.443,38.86,4.176,98.0,1
2024-12-14 03:32:25,group1,3,-6.639,39.75,4.109,92.42,1
2024-12-14 03:32:25,group2,1,3.25,40.96,4.091,90.92,1
2024-12-14 03:32:25,group2,2,-5.528,36.7,3.091,7.58,1
2024-12-14 03:32:25,group2,3,-3.188,20.69,3.261,21.75,1
2024-12-14 03:32:25,group3,1,-19.403,29.44,3.134,11.17,1
2024-12-14 03:32:25,group3,2,-2.11,19.0,4.173,97.75,0
2024-12-14 03:32:25,group3,3,4.934,39.43,3.394,32.83,1
2024-12-14 03:32:26,group1,1,-12.85,22.1,3.802,66.83,0
2024-12-14 03:32:26,group1,2,9.633,35.36,3.357,29.75,0
2024-12-14 03:32:26,group1,3,-17.406,39.65,3.059,4.92,1
2024-12-14 03:32:26,group2,1,18.672,20.52,3.433,36.08,1
2024-12-14 03:32:26,group2,2,3.788,30.95,3.84,70.0,0
2024-12-14 03:32:26,group2,3,-19.176,27.5,3.579,48.25,0
2024-12-14 03:32:26,group3,1,10.889,37.78,3.979,81.58,0
2024-12-14 03:32:26,group3,2,-14.112,28.84,3.136,11.33,1
2024-12-14 03:32:26,group3,3,1.007,28.37,3.133,11.08,0
2024-12-14 03:32:27,group1,1,-0.831,41.8,3.251,20.92,1
2024-12-14 03:32:27,group1,2,-17.334,25.86,3.177,14.75,1
2024-12-14 03:32:27,group1,3,-15.575,33.92,3.198,16.5,0
2024-12-14 03:32:27,group2,1,12.634,40.41,4.022,85.17,0
2024-12-14 03:32:27,group2,2,-14.27,29.57,3.51,42.5,1
2024-12-14 03:32:27,group2,3,16.007,35.5,3.708,59.0,0
2024-12-14 03:32:27,group3,1,-7.057,43.33,4.061,88.42,1
2024-12-14 03:32:27,group3,2,-18.393,20.87,3.818,68.17,1
2024-12-14 03:32:27,group3,3,-15.487,38.09,3.892,74.33,1
2024-12-14 03:32:28,group1,1,-15.824,37.97,3.952,79.33,1
2024-12-14 03:32:28,group1,2,-0.15,30.11,4.017,84.75,1
2024-12-14 03:32:28,group1,3,12.671,16.63,3.906,75.5,0
2024-12-14 03:32:28,group2,1,-13.429,36.05,3.644,53.67,0
2024-12-14 03:32:28,group2,2,6.365,26.0,3.571,47.58,0
2024-12-14 03:32:28,group2,3,-18.267,37.43,3.651,54.25,1
2024-12-14 03:32:28,group3,1,8.753,41.97,4.051,87.58,1
2024-12-14 03:32:28,group3,2,-9.302,22.95,3.174,14.5,0
2024-12-14 03:32:28,group3,3,-14.024,36.49,3.695,57.92,1
2024-12-14 03:32:29,group1,1,19.039,21.61,3.945,78.75,0
2024-12-14 03:32:29,group1,2,-16.989,30.9,3.184,15.33,1
2024-12-14 03:32:29,group1,3,19.772,23.92,3.411,34.25,1
2024-12-14 03:32:29,group2,1,4.354,27.39,3.233,19.42,0
2024-12-14 03:32:29,group2,2,-11.738,32.71,4.137,94.75,0
2024-12-14 03:32:29,group2,3,-14.149,26.86,3.794,66.17,1
2024-12-14 03:32:29,group3,1,9.776,29.47,3.401,33.42,1
2024-12-14 03:32:29,group3,2,10.159,25.84,3.167,13.92,0
2024-12-14 03:32:29,group3,3,12.794,25.31,3.935,77.92,1
2024-12-14 03:32:30,group1,1,-3.605,28.59,3.995,82.92,1
2024-12-14 03:32:30,group1,2,9.412,31.38,3.972,81.0,0
2024-12-14 03:32:30,group1,3,-10.225,36.11,3.674,56.17,1
2024-12-14 03:32:30,group2,1,3.322,17.49,3.924,77.0,0
2024-12-14 03:32:30,group2,2,8.638,15.29,3.128,10.67,0
2024-12-14 03:32:30,group2,3,5.264,35.52,3.401,33.42,1
2024-12-14 03:32:30,group3,1,-13.256,15.02,3.923,76.92,1
2024-12-14 03:32:30,group3,2,-18.301,21.04,3.571,47.58,1
2024-12-14 03:32:30,group3,3,12.391,39.33,4.094,91.17,0
2024-12-14 03:32:31,group1,1,-18.111,29.02,3.11,9.17,1
2024-12-14 03:32:31,group1,2,17.388,41.71,3.043,3.58,0
2024-12-14 03:32:31,group1,3,1.377,40.96,3.941,78.42,1
2024-12-14 03:32:31,group2,1,2.672,20.48,3.06,5.0,1
2024-12-14 03:32:31,group2,2,1.288,30.33,3.862,71.83,1
2024-12-14 03:32:31,group2,3,7.402,29.01,3.445,37.08,0
2024-12-14 03:32:31,group3,1,5.903,23.58,3.476,39.67,1
2024-12-14 03:32:31,group3,2,-4.799,43.6,3.506,42.17,1
2024-12-14 03:32:31,group3,3,5.165,40.73,3.749,62.42,1
2024-12-14 03:32:32,group1,1,-14.798,35.28,4.109,92.42,0
2024-12-14 03:32:32,group1,2,-17.456,36.85,3.51,42.5,0
2024-12-14 03:32:32,group1,3,-16.813,16.6,3.142,11.83,1
2024-12-14 03:32:32,group2,1,-19.445,42.89,4.068,89.0,1
2024-12-14 03:32:32,group2,2,14.87,19.39,4.117,93.08,1
2024-12-14 03:32:32,group2,3,-11.042,37.92,3.795,66.25,1
2024-12-14 03:32:32,group3,1,-15.598,38.18,4.08,90.0,1
2024-12-14 03:32:32,group3,2,18.81,22.62,3.612,51.0,1
2024-12-14 03:32:32,group3,3,-9.764,44.55,3.649,54.08,1
2024-12-14 03:32:33,group1,1,-11.146,23.75,3.782,65.17,0
2024-12-14 03:32:33,group1,2,1.536,31.75,3.74,61.67,1
2024-12-14 03:32:33,group1,3,1.746,29.35,3.823,68.58,0
2024-12-14 03:32:33,group2,1,-8.269,43.29,3.678,56.5,1
2024-12-14 03:32:33,group2,2,9.327,21.3,4.004,83.67,0
2024-12-14 03:32:33,group2,3,-13.418,40.25,4.043,86.92,0
2024-12-14 03:32:33,group3,1,18.404,19.23,3.345,28.75,1
2024-12-14 03:32:33,group3,2,12.656,30.79,3.823,68.58,0
2024-12-14 03:32:33,group3,3,2.985,42.0,3.158,13.17,1
2024-12-14 03:32:34,group1,1,16.605,20.96,3.162,13.5,1
2024-12-14 03:32:34,group1,2,-9.762,17.34,3.05,4.17,1
2024-12-14 03:32:34,group1,3,-12.436,32.96,3.879,73.25,0
2024-12-14 03:32:34,group2,1,-2.356,16.89,4.008,84.0,0
2024-12-14 03:32:34,group2,2,-15.026,21.99,3.654,54.5,0
2024-12-14 03:32:34,group2,3,4.884,23.75,3.649,54.08,0
2024-12-14 03:32:34,group3,1,2.016,31.18,3.122,10.17,1
2024-12-14 03:32:34,group3,2,19.725,22.0,3.205,17.08,1
2024-12-14 03:32:34,group3,3,-11.958,24.89,3.439,36.58,1
2024-12-14 03:32:35,group1,1,6.7,38.31,3.599,49.92,1
2024-12-14 03:32:35,group1,2,-13.078,19.19,3.1,8.33,0
2024-12-14 03:32:35,group1,3,6.962,41.36,3.285,23.75,1
2024-12-14 03:32:35,group2,1,-18.422,35.96,3.832,69.33,1
2024-12-14 03:32:35,group2,2,10.492,41.84,3.76,63.33,1
2024-12-14 03:32:35,group2,3,-7.825,43.1,3.57,47.5,1
2024-12-14 03:32:35,group3,1,-18.539,40.69,4.037,86.42,0
2024-12-14 03:32:35,group3,2,-12.329,31.44,3.623,51.92,0
2024-12-14 03:32:35,group3,3,-8.1,22.54,3.845,70.42,0
2024-12-14 03:32:36,group1,1,-4.57,39.47,4.043,86.92,1
2024-12-14 03:32:36,group1,2,16.132,43.89,3.346,28.83,0
2024-12-14 03:32:36,group1,3,-13.604,32.76,3.086,7.17,0
2024-12-14 03:32:36,group2,1,-1.098,33.72,3.925,77.08,1
2024-12-14 03:32:36,group2,2,19.71,41.99,3.874,72.83,1
2024-12-14 03:32:36,group2,3,7.639,15.54,3.873,72.75,0
2024-12-14 03:32:36,group3,1,-1.304,29.75,3.06,5.0,0
2024-12-14 03:32:36,group3,2,17.219,34.81,3.388,32.33,0
2024-12-14 03:32:36,group3,3,-4.831,38.54,3.686,57.17,0
2024-12-14 03:32:37,group1,1,17.046,31.88,3.717,59.75,0
2024-12-14 03:32:37,group1,2,11.333,38.44,4.1,91.67,1
2024-12-14 03:32:37,group1,3,-19.281,28.35,3.682,56.83,1
2024-12-14 03:32:37,group2,1,0.721,24.69,3.331,27.58,0
2024-12-14 03:32:37,group2,2,7.57,32.35,3.503,41.92,0
2024-12-14 03:32:37,group2,3,16.843,23.69,3.126,10.5,1
2024-12-14 03:32:37,group3,1,-15.96,24.45,4.111,92.58,0
2024-12-14 03:32:37,group3,2,-15.12,30.98,3.103,8.58,1
2024-12-14 03:32:37,group3,3,15.687,33.64,3.686,57.17,1
2024-12-14 03:32:38,group1,1,9.303,43.39,3.028,2.33,0
2024-12-14 03:32:38,group1,2,-1.981,16.31,3.158,13.17,1
2024-12-14 03:32:38,group1,3,13.033,23.97,3.583,48.58,0
2024-12-14 03:32:38,group2,1,-10.309,31.57,3.926,77.17,0
2024-12-14 03:32:38,group2,2,-19.682,25.47,3.538,44.83,0
2024-12-14 03:32:38,group2,3,15.724,27.04,3.145,12.08,0
2024-12-14 03:32:38,group3,1,-18.585,35.31,3.279,23.25,0
2024-12-14 03:32:38,group3,2,-19.485,15.4,4.107,92.25,0
2024-12-14 03:32:38,group3,3,-3.244,21.56,3.256,21.33,0
2024-12-14 03:32:39,group1,1,9.667,25.78,4.019,84.92,0
2024-12-14 03:32:39,group1,2,-11.632,19.42,3.151,12.58,0
2024-12-14 03:32:39,group1,3,2.014,17.0,3.52,43.33,0
2024-12-14 03:32:39,group2,1,17.99,33.52,4.112,92.67,0
2024-12-14 03:32:39,group2,2,-7.859,21.07,3.494,41.17,0
2024-12-14 03:32:39,group2,3,1.953,32.11,3.118,9.83,1
2024-12-14 03:32:39,group3,1,7.53,42.88,3.664,55.33,0
2024-12-14 03:32:39,group3,2,-14.454,21.33,3.235,19.58,0
2024-12-14 03:32:39,group3,3,5.528,15.34,3.634,52.83,0
2024-12-14 03:32:40,group1,1,-8.344,28.67,4.15,95.83,1
2024-12-14 03:32:40,group1,2,9.643,39.42,3.604,50.33,0
2024-12-14 03:32:40,group1,3,12.086,31.6,3.21,17.5,1
2024-12-14 03:32:40,group2,1,9.807,44.06,3.638,53.17,0
2024-12-14 03:32:40,group2,2,-13.45,44.94,3.729,60.75,1
2024-12-14 03:32:40,group2,3,-2.436,20.32,3.051,4.25,1
2024-12-14 03:32:40,group3,1,5.93,19.34,3.162,13.5,1
2024-12-14 03:32:40,group3,2,18.327,27.62,3.948,79.0,1
2024-12-14 03:32:40,group3,3,-17.916,16.25,3.212,17.67,1
2024-12-14 03:32:41,group1,1,-17.084,33.76,4.079,89.92,1
2024-12-14 03:32:41,group1,2,-5.775,32.98,3.902,75.17,0
2024-12-14 03:32:41,group1,3,4.015,19.88,3.883,73.58,1
2024-12-14 03:32:41,group2,1,4.335,34.24,3.33,27.5,1
2024-12-14 03:32:41,group2,2,2.716,43.99,3.163,13.58,1
2024-12-14 03:32:41,group2,3,-3.298,34.05,3.268,22.33,1
2024-12-14 03:32:41,group3,1,-14.751,41.43,3.511,42.58,1
2024-12-14 03:32:41,group3,2,-3.057,31.33,3.083,6.92,0
2024-12-14 03:32:41,group3,3,-1.754,18.89,3.617,51.42,1
2024-12-14 03:32:42,group1,1,-17.513,31.3,3.677,56.42,0
2024-12-14 03:32:42,group1,2,-14.735,20.13,3.375,31.25,0
2024-12-14 03:32:42,group1,3,14.263,20.41,3.695,57.92,1
2024-12-14 03:32:42,group2,1,6.276,31.68,4.032,86.0,1
2024-12-14 03:32:42,group2,2,-19.074,35.28,3.377,31.42,1
2024-12-14 03:32:42,group2,3,-17.1,28.61,3.522,43.5,0
2024-12-14 03:32:42,group3,1,-11.155,19.98,3.926,77.17,0
2024-12-14 03:32:42,group3,2,-10.917,22.54,4.063,88.58,1
2024-12-14 03:32:42,group3,3,12.248,15.44,4.042,86.83,1
2024-12-14 03:32:43,group1,1,18.063,15.76,3.224,18.67,1
2024-12-14 03:32:43,group1,2,-16.367,31.22,3.718,59.83,1
2024-12-14 03:32:43,group1,3,-8.859,44.69,3.2,16.67,0
2024-12-14 03:32:43,group2,1,-5.354,30.02,3.194,16.17,0
2024-12-14 03:32:43,group2,2,14.38,29.8,4.173,97.75,1
2024-12-14 03:32:43,group2,3,16.762,26.95,3.373,31.08,1
2024-12-14 03:32:43,group3,1,-4.078,35.17,3.538,44.83,0
2024-12-14 03:32:43,group3,2,-15.049,24.75,3.476,39.67,1
2024-12-14 03:32:43,group3,3,-2.104,29.28,3.561,46.75,1
2024-12-14 03:32:44,group1,1,-17.607,34.57,3.697,58.08,0
2024-12-14 03:32:44,group1,2,16.082,29.88,4.004,83.67,0
2024-12-14 03:32:44,group1,3,-8.345,42.61,3.305,25.42,1
2024-12-14 03:32:44,group2,1,-18.351,26.95,3.016,1.33,0
2024-12-14 03:32:44,group2,2,-0.475,36.75,3.02,1.67,1
2024-12-14 03:32:44,group2,3,19.364,33.14,3.945,78.75,1
2024-12-14 03:32:44,group3,1,-13.82,27.82,3.771,64.25,1
2024-12-14 03:32:44,group3,2,-2.853,38.56,3.894,74.5,1
2024-12-14 03:32:44,group3,3,-15.209,43.76,3.071,5.92,1
2024-12-14 03:32:45,group1,1,8.919,19.97,3.8,66.67,0
2024-12-14 03:32:45,group1,2,-7.784,24.15,3.255,21.25,0
2024-12-14 03:32:45,group1,3,14.126,32.23,3.684,57.0,1
2024-12-14 03:32:45,group2,1,14.328,25.28,3.655,54.58,1
2024-12-14 03:32:45,group2,2,7.6,31.13,3.857,71.42,0
2024-12-14 03:32:45,group2,3,15.755,26.16,3.87,72.5,0
2024-12-14 03:32:45,group3,1,-0.586,28.84,4.121,93.42,0
2024-12-14 03:32:45,group3,2,16.264,33.77,3.556,46.33,0
2024-12-14 03:32:45,group3,3,-13.457,16.24,3.001,0.08,0
2024-12-14 03:32:46,group1,1,-15.008,25.55,3.704,58.67,0
2024-12-14 03:32:46,group1,2,-16.316,15.98,3.654,54.5,0
2024-12-14 03:32:46,group1,3,0.831,35.64,3.206,17.17,0
2024-12-14 03:32:46,group2,1,-15.012,41.99,3.862,71.83,0
2024-12-14 03:32:46,group2,2,-3.767,36.09,3.624,52.0,1
2024-12-14 03:32:46,group2,3,12.35,27.73,4.109,92.42,1
2024-12-14 03:32:46,group3,1,-5.446,15.75,3.467,38.92,0
2024-12-14 03:32:46,group3,2,-10.025,42.21,4.06,88.33,1
2024-12-14 03:32:46,group3,3,-3.147,30.83,3.346,28.83,1
2024-12-14 03:32:47,group1,1,-13.722,38.12,3.625,52.08,0
2024-12-14 03:32:47,group1,2,0.214,28.88,3.796,66.33,1
2024-12-14 03:32:47,group1,3,-19.764,34.5,3.661,55.08,0
2024-12-14 03:32:47,group2,1,13.659,44.73,3.199,16.58,0
2024-12-14 03:32:47,group2,2,9.862,36.74,3.296,24.67,1
2024-12-14 03:32:47,group2,3,9.207,31.71,3.066,5.5,1
2024-12-14 03:32:47,group3,1,9.878,20.93,3.547,45.58,0
2024-12-14 03:32:47,group3,2,5.417,38.33,3.789,65.75,0
2024-12-14 03:32:47,group3,3,6.888,37.3,3.049,4.08,1
2024-12-14 03:32:48,group1,1,5.182,43.47,3.202,16.83,1
2024-12-14 03:32:48,group1,2,-19.494,41.41,3.159,13.25,1
2024-12-14 03:32:48,group1,3,1.075,41.45,4.192,99.33,1
2024-12-14 03:32:48,group2,1,5.057,38.5,4.088,90.67,1
2024-12-14 03:32:48,group2,2,-0.161,32.71,3.736,61.33,1
2024-12-14 03:32:48,group2,3,19.245,37.89,3.946,78.83,0
2024-12-14 03:32:48,group3,1,17.827,37.46,3.509,42.42,0
2024-12-14 03:32:48,group3,2,-17.944,37.72,3.011,0.92,0
2024-12-14 03:32:48,group3,3,-9.24,17.27,4.088,90.67,1
2024-12-14 03:32:49,group1,1,7.996,25.33,4.088,90.67,1
2024-12-14 03:32:49,group1,2,10.103,24.36,3.076,6.33,1
2024-12-14 03:32:49,group1,3,-9.782,35.31,3.761,63.42,1
2024-12-14 03:32:49,group2,1,-19.804,29.03,4.11,92.5,1
2024-12-14 03:32:49,group2,2,11.196,19.24,3.272,22.67,1
2024-12-14 03:32:49,group2,3,5.085,25.86,3.88,73.33,1
2024-12-14 03:32:49,group3,1,-1.314,22.33,3.924,77.0,1
2024-12-14 03:32:49,group3,2,-6.822,42.22,3.598,49.83,0
2024-12-14 03:32:49,group3,3,-18.605,28.55,3.133,11.08,1
2024-12-14 03:32:50,group1,1,-12.343,34.75,3.281,23.42,1
2024-12-14 03:32:50,group1,2,10.786,42.99,3.479,39.92,0
2024-12-14 03:32:50,group1,3,11.686,20.55,3.637,53.08,1
2024-12-14 03:32:50,group2,1,4.164,25.68,3.788,65.67,0
2024-12-14 03:32:50,group2,2,16.908,28.99,4.094,91.17,0
2024-12-14 03:32:50,group2,3,13.075,40.02,3.513,42.75,1
2024-12-14 03:32:50,group3,1,-16.586,39.46,3.319,26.58,1
2024-12-14 03:32:50,group3,2,-5.189,44.34,3.015,1.25,0
2024-12-14 03:32:50,group3,3,-7.068,33.9,3.894,74.5,0
2024-12-14 03:32:51,group1,1,5.067,27.07,3.909,75.75,1
2024-12-14 03:32:51,group1,2,-10.421,18.24,3.69,57.5,0
2024-12-14 03:32:51,group1,3,8.752,34.68,4.09,90.83,1
2024-12-14 03:32:51,group2,1,-15.77,32.36,3.931,77.58,0
2024-12-14 03:32:51,group2,2,-11.408,27.77,3.692,57.67,0
2024-12-14 03:32:51,group2,3,8.205,21.04,4.098,91.5,1
2024-12-14 03:32:51,group3,1,6.819,24.68,3.888,74.0,0
2024-12-14 03:32:51,group3,2,5.135,30.02,4.104,92.0,1
2024-12-14 03:32:51,group3,3,9.359,21.22,4.108,92.33,1
2024-12-14 03:32:52,group1,1,-4.803,44.05,3.376,31.33,0
2024-12-14 03:32:52,group1,2,0.51,22.61,3.19,15.83,0
2024-12-14 03:32:52,group1,3,-10.211,39.57,4.051,87.58,0
2024-12-14 03:32:52,group2,1,-19.027,28.66,3.25,20.83,1
2024-12-14 03:32:52,group2,2,14.34,27.94,3.092,7.67,1
2024-12-14 03:32:52,group2,3,-4.349,16.84,3.928,77.33,0
2024-12-14 03:32:52,group3,1,2.911,15.22,3.286,23.83,0
2024-12-14 03:32:52,group3,2,-13.672,32.15,3.574,47.83,1
2024-12-14 03:32:52,group3,3,7.152,30.32,3.375,31.25,0
2024-12-14 03:32:53,group1,1,-14.837,36.18,3.805,67.08,1
2024-12-14 03:32:53,group1,2,3.849,32.78,3.725,60.42,1
2024-12-14 03:32:53,group1,3,-12.486,41.04,3.877,73.08,0
2024-12-14 03:32:53,group2,1,16.689,35.09,3.839,69.92,0
2024-12-14 03:32:53,group2,2,-0.722,39.9,3.853,71.08,1
2024-12-14 03:32:53,group2,3,2.104,32.01,3.592,49.33,1
2024-12-14 03:32:53,group3,1,4.19,19.75,3.981,81.75,0
2024-12-14 03:32:53,group3,2,-3.554,17.35,3.101,8.42,0
2024-12-14 03:32:53,group3,3,-14.582,36.57,4.112,92.67,1
2024-12-14 03:32:54,group1,1,11.141,36.1,3.816,68.0,0
2024-12-14 03:32:54,group1,2,-5.336,27.31,3.555,46.25,1
2024-12-14 03:32:54,group1,3,8.283,44.86,3.797,66.42,0
2024-12-14 03:32:54,group2,1,2.606,34.28,3.433,36.08,1
2024-12-14 03:32:54,group2,2,17.022,27.13,4.048,87.33,1
2024-12-14 03:32:54,group2,3,-0.611,40.88,3.559,46.58,1
2024-12-14 03:32:54,group3,1,-11.751,23.5,3.092,7.67,0
2024-12-14 03:32:54,group3,2,11.057,20.48,3.145,12.08,0
2024-12-14 03:32:54,group3,3,2.221,36.78,3.8,66.67,1
