time,voltage,current,temperature,fault
0.0,0.07441195272045356,0.994301003616926,25.236996540717918,0
0.1001001001001001,0.13534216154274126,0.9768047834769243,24.958970670004224,0
0.2002002002002002,0.151837407969003,1.0022562502580281,24.951337002926206,1
0.3003003003003003,0.3473982474564916,0.9905420618241908,24.965908823124234,0
0.4004004004004004,0.3855490321502663,0.8986655890748305,24.981912869406493,0
0.5005005005005005,0.428113300940186,0.8389621588099696,24.929382570669134,0
0.6006006006006006,0.6284685599620877,0.8695117670235469,24.898454138540668,1
0.7007007007007008,0.6298059486578876,0.7159286586125543,25.00397635378089,0
0.8008008008008008,0.7105595096606284,0.6784535684171102,25.115211937746516,1
0.9009009009009009,0.809865877109989,0.6632366737458903,25.20240379544143,0
1.001001001001001,0.8230847423690564,0.43533941765871564,24.80431249920251,0
1.1011011011011012,0.8713233698378372,0.40955737336365716,25.13423053716379,0
1.2012012012012012,0.8627474897927351,0.3412431216235851,25.02989435788206,1
1.3013013013013013,1.0327405433729677,0.21463536293686328,25.03504709545444,0
1.4014014014014016,1.0238070767759433,0.1913185638803048,24.982463057723123,1
1.5015015015015016,1.0208367011344615,0.07292933821067096,25.250921031310455,0
1.6016016016016017,1.0333270757532176,-0.12428591948971392,25.064894104059153,1
1.7017017017017018,0.9839547445406842,-0.07987145645028824,25.140858788885833,0
1.8018018018018018,0.8936670272638885,-0.21855309147290236,24.84985856165121,0
1.9019019019019021,0.8870382236326376,-0.30041154436299644,25.037600458863615,1
2.002002002002002,0.8764072138983896,-0.43416605315460133,24.955946491678457,1
2.1021021021021022,0.8197299108088577,-0.4126402653762311,25.06122903986927,0
2.2022022022022023,0.8934408715413558,-0.6409618306888524,24.97326067170808,1
2.3023023023023024,0.7612450474289408,-0.6736754704545508,24.83297175433241,0
2.4024024024024024,0.637352135264647,-0.7305356675155584,25.046886968241616,1
2.5025025025025025,0.5981795301066765,-0.7959924702850522,24.96503870250905,1
2.6026026026026026,0.5760447093928923,-0.9218011780603975,24.95208047255706,1
2.702702702702703,0.4728979314822716,-0.885323406982993,25.01390579586194,1
2.802802802802803,0.3791643148196654,-0.9446451948157355,24.94444816866411,0
2.902902902902903,0.29360879880160845,-0.9755548040957217,24.912672296128704,1
3.0030030030030033,0.07800355821796473,-0.9704585763743331,25.10320857546958,0
3.1031031031031033,0.10422130977547059,-1.0423719072781306,24.952628222353027,0
3.2032032032032034,-0.12544471471671187,-0.9218420327462276,25.104222188858135,0
3.3033033033033035,-0.059457638762354104,-0.9660225266369395,24.92786096413436,0
3.4034034034034035,-0.22751152149323367,-1.0329053803382509,24.975254010122505,0
3.5035035035035036,-0.34133559770523886,-0.9359274891072878,24.883444495354208,0
3.6036036036036037,-0.4237252847556247,-0.8304367643567863,24.96527837731445,0
3.7037037037037037,-0.5827133473436237,-0.8805333177203709,24.889119923811517,1
3.8038038038038042,-0.6164613841832756,-0.7727902492948037,24.981247850182,1
3.9039039039039043,-0.7230371074157158,-0.683809709336175,24.915704942930397,0
4.004004004004004,-0.7907238038162885,-0.6386768884970967,24.878325534133555,0
4.104104104104104,-0.8157175331401131,-0.5789621405693911,24.923745720277218,0
4.2042042042042045,-0.8723196712718901,-0.4302038396891188,24.940072728969767,1
4.3043043043043046,-0.897312083445427,-0.36117114067502626,25.26128161831497,0
4.404404404404405,-0.8346403754891978,-0.29094139822125226,25.05776424357074,0
4.504504504504505,-1.0599984374220859,-0.2117773596377195,24.96751134201334,0
4.604604604604605,-0.9894718891183154,-0.05347438428087921,25.061510114862234,0
4.704704704704705,-0.9051960039659394,-0.07200696931342634,25.121793049541306,0
4.804804804804805,-1.0518980902106136,0.04963038287021479,25.074085199842223,0
4.904904904904905,-0.9344238717622387,0.12516640510210902,25.102855617902755,1
5.005005005005005,-1.020706942367961,0.17982942738683133,25.214597543334467,1
5.105105105105105,-0.8592299565198631,0.40856475189501673,25.01689497395298,0
5.205205205205205,-0.9074713907218147,0.5669972559315078,25.13655349974837,0
5.305305305305305,-0.8444917667542962,0.5197534125802421,25.01397100492872,0
5.405405405405406,-0.8232548796861024,0.6897610606526536,25.03392950633884,1
5.505505505505506,-0.7580266848933805,0.7261566596895325,25.04059969745583,0
5.605605605605606,-0.612227167809104,0.8183420324273722,25.001635894284124,1
5.705705705705706,-0.5303072489576452,0.8287526389404115,25.130572115677783,0
5.805805805805806,-0.4227307745697505,0.8405247066685875,25.061945023995428,1
5.9059059059059065,-0.4107746426497439,0.9187819112190586,25.052572122132364,1
6.0060060060060065,-0.3171382515105384,0.9017499123255439,25.051697299514395,1
6.106106106106107,-0.11040452196884248,1.0166312903983719,25.083785359846676,1
6.206206206206207,0.04734425502179786,1.0926594607520879,25.086018444422983,1
6.306306306306307,-0.04304662258404961,1.07500968550986,24.980786517006425,1
6.406406406406407,0.1449083388960335,0.9814669175675268,25.066360229960907,0
6.506506506506507,0.2128147924038032,1.0096202205079163,24.945724315052058,1
6.606606606606607,0.34141540100048196,0.9139571710929514,24.93276439621438,0
6.706706706706707,0.4321559874114684,0.9720635593918004,25.03596516854257,0
6.806806806806807,0.5293410722794719,0.823535711746925,24.88767152121755,0
6.906906906906907,0.5419550202475425,0.8079026616316294,25.086293804590458,1
7.007007007007007,0.6259057168879821,0.7390145263538105,25.120124576704125,0
7.107107107107107,0.7780437348379045,0.5916479820138916,24.999726984302438,1
7.207207207207207,0.8039356785373849,0.5669764814885092,25.197203551858628,1
7.307307307307307,0.8047238808241015,0.5527289566349413,24.94009836253164,0
7.407407407407407,0.9039625643013876,0.3933915677141044,24.98624578335632,0
7.507507507507508,0.982154924306772,0.3893204762496436,25.13387667848204,1
7.6076076076076085,0.9053361852396324,0.16853066082337848,25.125752062553445,1
7.7077077077077085,0.9753238998152703,0.15561695369287576,24.97399305138743,1
7.807807807807809,0.9880912110490713,0.09252651643366128,25.143716798204306,1
7.907907907907909,1.021086627930029,-0.04983434579954556,24.95855453693187,0
8.008008008008009,0.963828322694646,-0.13681904655090998,25.099949454364644,0
8.108108108108109,0.9906687043334054,-0.18923208232767322,24.966996307538572,1
8.208208208208209,0.8385663836754111,-0.3542673927621287,25.030501502442252,1
8.308308308308309,0.8701262885948182,-0.40920805903468777,24.951447542458578,0
8.408408408408409,0.8331341423016004,-0.5291687519578349,25.021812872310782,0
8.508508508508509,0.772680822513461,-0.6594745422617885,24.775403253810193,0
8.608608608608609,0.816462329491964,-0.6729753323629403,25.00596832287061,1
8.70870870870871,0.6313964958698124,-0.8238757820062358,24.75609780705742,1
8.80880880880881,0.5116113687959452,-0.8881092549627095,25.091353617454594,1
8.90890890890891,0.4754243387092804,-0.8944265661641323,24.84058380039301,1
9.00900900900901,0.3507637640836597,-0.9749270959755542,24.9380855607904,0
9.10910910910911,0.346204799758193,-1.0352146238980884,24.898757285822608,1
9.20920920920921,0.3078421513033114,-0.994693347942746,24.809513491370037,0
9.30930930930931,0.07584018337949472,-1.012687430105885,24.826722521783893,1
9.40940940940941,0.04533213458759375,-1.0788505005112097,25.026579356622012,1
9.50950950950951,-0.150749449775325,-0.9831431762201623,25.067976830560898,1
9.60960960960961,-0.17493114305269292,-0.9473193826817042,24.918597401641392,0
9.70970970970971,-0.3141940622342897,-0.9388804044328833,25.029204783507556,0
9.80980980980981,-0.35810816708237203,-0.9571219659871887,24.87032643998106,0
9.90990990990991,-0.4306675349475343,-0.8227829177319292,24.82354212949529,1
10.01001001001001,-0.52099487715882,-0.8616319458455447,25.007659891413333,1
10.11011011011011,-0.6945466165850467,-0.8639209419303373,25.004411091667073,0
10.21021021021021,-0.6762553241614543,-0.7303028735459193,25.238952666045858,0
10.31031031031031,-0.7642218471568358,-0.6443753780437632,24.900217655063546,0
10.41041041041041,-0.8534130471286109,-0.5715820399602006,25.085292271863807,1
10.51051051051051,-0.7845586517575045,-0.44838530541348626,24.941775901149803,1
10.61061061061061,-0.9008100331672984,-0.44854278048216756,24.8847685981171,0
10.710710710710712,-1.0074417100817452,-0.31142100456425087,24.95315356448651,1
10.810810810810812,-0.9327587826655847,-0.2136266294555444,25.15614839184684,1
10.910910910910912,-0.9581733289294531,-0.0435514131497047,24.97865293842624,0
11.011011011011012,-0.9644961656382175,0.014070017247400982,25.2779164911061,1
11.111111111111112,-1.0273396839817794,0.10505939521928008,25.188103120292404,1
11.211211211211213,-1.1301160804946422,0.1682236920673682,25.015270456462765,1
11.311311311311313,-0.9717325516956155,0.27815521306443525,25.036711240713768,0
11.411411411411413,-0.8967721845822094,0.44009388293872787,24.833354051645784,1
11.511511511511513,-0.9416896647099108,0.5825709497827076,25.18714531066748,0
11.611611611611613,-0.8735744848482422,0.6319998522662826,24.926649860645806,0
11.711711711711713,-0.7530251864261298,0.6519513196413819,25.116815515795057,0
11.811811811811813,-0.6529774566872671,0.7048062482914957,25.0230604270752,0
11.911911911911913,-0.6105237256854568,0.8198002908810806,25.060959478685366,0
12.012012012012013,-0.4646945362656412,0.9042080455579369,24.795707107818405,1
12.112112112112113,-0.4266733530647022,0.9045178488368617,24.98286581277543,0
12.212212212212213,-0.24820682287095863,0.8689976316919511,25.010364487185555,1
12.312312312312313,-0.24087867497331025,0.9791124359480956,25.02858966499687,0
12.412412412412413,-0.1719445340106518,0.9212065371971035,24.947359670004452,0
12.512512512512513,-0.023397013292461556,1.012133919245218,25.103689122443708,1
12.612612612612613,0.021858829236566166,1.003303813897875,24.877911793437956,0
12.712712712712714,0.10064914376325704,0.9946498215729492,25.147408772777872,0
12.812812812812814,0.22495286522090466,0.9396377023840972,25.110580179020005,1
12.912912912912914,0.3744500110854784,0.9521136341960155,24.84172737759393,0
13.013013013013014,0.4386081540332529,0.883224705129648,25.014618876325006,0
13.113113113113114,0.46755446220691566,0.8773323881813914,25.03466273733114,0
13.213213213213214,0.6377672105031286,0.8198768566462288,24.94727002227975,1
13.313313313313314,0.7605828392584894,0.6770169166728649,24.94797931549155,1
13.413413413413414,0.7591388824443376,0.6118288904393409,25.0551902851609,0
13.513513513513514,0.7655361547257691,0.5449736419953097,25.006199904239836,1
13.613613613613614,0.8033438039815062,0.5230679164535468,25.010535104715625,0
13.713713713713714,0.9186361441762168,0.37576211942188276,25.001511380434103,1
13.813813813813814,1.0268506555704517,0.3377413232097709,25.108723092005803,0
13.913913913913914,1.0006050824378272,0.2289642757625891,25.009746553628993,1
14.014014014014014,1.0244839556392522,0.15636847692499273,24.85193471856919,1
14.114114114114114,0.98282180873441,-0.027744158903570442,25.07356911032965,0
14.214214214214214,1.0123473445358506,-0.08535576322708574,24.998147155055932,1
14.314314314314315,0.9946373741405498,-0.12242814947888417,24.89322402069374,1
14.414414414414415,0.8674210512060573,-0.3153106466399522,25.08303022121625,1
14.514514514514515,0.9281258928670009,-0.4552882997708069,25.079413168691357,1
14.614614614614615,0.8774608861203201,-0.4136572997933825,24.955603255435612,0
14.714714714714715,0.8012471812344211,-0.5442660560682653,25.000610355826844,0
14.814814814814815,0.7978186159401126,-0.6618055164850329,25.010713583619417,1
14.914914914914915,0.7466522599769448,-0.7110786767187585,24.98619746158035,0
15.015015015015017,0.6608225860480161,-0.7528861849817382,25.07091912178485,0
15.115115115115117,0.5991674014259684,-0.8220925546059636,25.028088748194758,1
15.215215215215217,0.48594937828341955,-0.8894188886087985,25.054656598843,1
15.315315315315317,0.42079583283295147,-0.7712723087696711,25.056213060672302,1
15.415415415415417,0.3182917530962232,-0.9206209388451425,25.28851522004763,0
15.515515515515517,0.23876843864059707,-0.9632959760003176,24.855228233610923,1
15.615615615615617,0.16364349585294335,-1.0139047999455497,24.77970538668228,0
15.715715715715717,-0.12026121352573965,-0.9831005650264795,25.116213185631665,1
15.815815815815817,-0.0672330231642001,-1.020194425683455,24.951621452212965,0
15.915915915915917,-0.25203259407194983,-1.013308876241829,24.927447501135052,1
16.016016016016017,-0.3710069153868798,-0.9975370709474656,25.11757141004088,0
16.116116116116117,-0.400700273428356,-0.8972171468697114,25.049414317975398,1
16.216216216216218,-0.3885367471714165,-0.8311296193911029,25.10884757923929,1
16.316316316316318,-0.5744635520111931,-0.8813724968133081,24.963431597866627,0
16.416416416416418,-0.6814445816201457,-0.8393624425617571,24.943180403546382,0
16.516516516516518,-0.7312944121403595,-0.7383522617456815,24.790414826616807,1
16.616616616616618,-0.8630602409978364,-0.6822555266779358,25.100139016429114,1
16.716716716716718,-0.8820645143338157,-0.4853402693777135,25.193336167135378,0
16.816816816816818,-0.8273445912238471,-0.5127541691844815,24.909714021096693,1
16.916916916916918,-0.9334007697273413,-0.39650308894634834,24.915119014027997,0
17.017017017017018,-0.9510841764602151,-0.2707246276295938,25.09970513768141,1
17.117117117117118,-1.0677736577011394,-0.13715414973913032,25.003010677922717,0
17.217217217217218,-1.013589520668803,-0.12671554327217588,24.98393440608303,1
17.31731731731732,-1.0635971192382678,-0.024554079628332483,25.097136127375858,0
17.41741741741742,-1.0301058112459556,0.20896688463687402,25.06451948018961,1
17.51751751751752,-0.9594635704135711,0.211666534247459,24.936459711285423,1
17.61761761761762,-1.03053011239225,0.2851654468916399,24.99766841462977,0
17.71771771771772,-0.8985777870802524,0.406124257607995,24.862049970762023,1
17.81781781781782,-0.9474904764900607,0.5072790692954271,24.97071907053883,1
17.91791791791792,-0.7810451182959,0.5436959391041205,25.04222997547965,0
18.01801801801802,-0.7647372683912822,0.6557600745972646,25.0772967439894,0
18.11811811811812,-0.6952475615748217,0.7896786407234007,24.945030517259116,1
18.21821821821822,-0.49722893819162134,0.8600299964573779,25.148139351684268,1
18.31831831831832,-0.5365376467110765,0.7833961430521932,24.96453869462685,1
18.41841841841842,-0.4518698162959357,0.9127640234519512,24.97586986789876,0
18.51851851851852,-0.34847118619192136,0.9513182881613753,24.978851911302232,0
18.61861861861862,-0.21091698579848497,0.9339230182537337,24.947907284153096,1
18.71871871871872,-0.18981206786895027,0.8986246870067868,25.178219074646435,1
18.81881881881882,-0.002378310955379173,0.9843947291441063,25.083416832854617,0
18.91891891891892,0.07362105561940376,0.9605089148306286,25.052272049312347,0
19.01901901901902,0.22047643606700734,0.9235600773465269,25.090077717656005,1
19.11911911911912,0.22595966482846713,0.9666529364471476,24.96128153374772,0
19.21921921921922,0.38901185276934025,0.9472543124295516,25.099301825765906,0
19.31931931931932,0.4330569283257967,0.8980903790189402,24.964935405280816,0
19.41941941941942,0.5031412369319964,0.8499889292473166,25.049221724350105,0
19.51951951951952,0.5259407636858068,0.7932844390758624,24.907852488182673,1
19.61961961961962,0.6735780391054433,0.691938597329129,24.884334465303944,0
19.71971971971972,0.7184098705245325,0.588424592129238,24.877039635260996,1
19.81981981981982,0.7028206601230038,0.6428311974888526,25.177102087762258,1
19.91991991991992,0.9259820491008572,0.4291329362771865,25.028265106971098,1
20.02002002002002,0.9171668332681259,0.38131859116240574,24.9716015652693,1
20.12012012012012,0.9428550133637261,0.27309693354785686,24.979642422560534,1
20.22022022022022,0.9636745256934172,0.2040603759533006,24.934367217398385,1
20.32032032032032,0.9102300767148173,0.12196729714722268,25.043028437056257,1
20.42042042042042,0.9503519396113396,-0.009235758340494157,24.917199052666234,0
20.52052052052052,0.9663735473525406,-0.031778151543943325,24.94814312843824,0
20.62062062062062,0.9144231837628868,-0.2491834884646107,24.894950286695373,1
20.72072072072072,1.0247273280790747,-0.11905732051419365,25.090460522423015,1
20.82082082082082,0.9094637255003789,-0.41443091347304395,25.153025484450676,1
20.92092092092092,0.8570497870328826,-0.3930965896855818,25.039400402836986,1
21.02102102102102,0.8554820867754861,-0.597279905540797,25.071864409673868,1
21.12112112112112,0.7622277582078686,-0.607327451582682,24.938956330797073,1
21.22122122122122,0.6565141170691845,-0.7663269546029114,25.0808201373271,0
21.32132132132132,0.6037937417943358,-0.8159847799812608,24.971078172511046,0
21.421421421421424,0.5196302113500666,-0.7700742645652164,24.946098468998724,0
21.521521521521525,0.438935877964717,-0.8868807191721414,24.88949068323028,0
21.621621621621625,0.39618452195897547,-0.8865811115709386,25.008396233998507,0
21.721721721721725,0.2561906084085768,-1.0996755187899756,24.981287912099607,0
21.821821821821825,0.17750879439791814,-0.9814086637825998,24.942848426572915,1
21.921921921921925,0.07551268615077342,-1.0181969520681566,24.96164013865902,0
22.022022022022025,-0.10139001393860012,-0.9282030206504166,25.264681355032934,0
22.122122122122125,-0.14381392561846051,-0.9727990384493457,24.99473395354842,1
22.222222222222225,-0.16413141193518904,-0.9645378087419098,25.046662008446475,0
22.322322322322325,-0.38900331438632785,-0.9367968496474761,24.987379138779566,1
22.422422422422425,-0.5062922912826774,-0.9076320010582467,24.94872205738066,0
22.522522522522525,-0.48823390014393964,-0.8565297723555114,25.03322346290946,1
22.622622622622625,-0.5692061168009375,-0.7732619290873716,24.9359271190649,1
22.722722722722725,-0.7103948204395002,-0.8387160751957752,24.977750242597953,0
22.822822822822825,-0.730800065131192,-0.6479638714070232,25.00734815686529,1
22.922922922922925,-0.7745883612008726,-0.6547409097559931,25.07253436232464,0
23.023023023023026,-0.854920339836794,-0.46057294138014115,24.956903910300124,0
23.123123123123126,-0.9562465245055821,-0.49497564156315343,24.893028231977087,1
23.223223223223226,-0.9080448147940728,-0.2807001756201727,24.99056274634626,1
23.323323323323326,-0.9772348642132531,-0.21629710739247549,24.98058627708644,1
23.423423423423426,-0.9837693343822576,-0.1024156787638258,25.204561245282033,0
23.523523523523526,-1.0115876430396422,-0.07038860035420202,25.036685558233028,0
23.623623623623626,-0.9371033620214168,-0.0501358159030315,25.108843403318932,1
23.723723723723726,-1.0028946623094463,0.1610161987014013,25.122100613544603,1
23.823823823823826,-1.0114402375287008,0.2810329329428854,25.062874428782443,1
23.923923923923926,-0.8922378078797273,0.362740019308512,25.015358529980055,0
24.024024024024026,-0.8250323467488536,0.4630859400546721,25.09804781621626,1
24.124124124124126,-0.9075292994458498,0.664142750271342,24.892508581340635,1
24.224224224224226,-0.88593682836918,0.670030283210694,24.820292748229534,0
24.324324324324326,-0.7035783891702209,0.6172814205922099,25.021596117088716,1
24.424424424424426,-0.6692441642098214,0.7360201459076955,24.89629058308397,1
24.524524524524526,-0.6571683239251098,0.8116763455849415,24.90711871518918,1
24.624624624624627,-0.4481196112629442,0.89157822028654,24.997561972183533,0
24.724724724724727,-0.3723451517894408,0.9499637123387173,24.91412626260963,1
24.824824824824827,-0.35071293450691404,0.9016739670217262,25.213811505016963,0
24.924924924924927,-0.21796505050278306,0.9961342269813103,25.305052876030512,0
25.025025025025027,-0.12332819683306173,1.0392941223611218,25.010888820743975,0
25.125125125125127,0.008869220401811382,0.9329026929576641,25.02877194479158,1
25.225225225225227,0.1389814036785552,1.0123338659042556,25.149183016405203,1
25.325325325325327,0.2695329562613174,0.9544396109905942,24.98208970394633,0
25.425425425425427,0.2364940819062047,0.9683361963773607,25.179035008263735,1
25.525525525525527,0.38265513689605296,0.9614736454394307,24.84246383207825,0
25.625625625625627,0.48680892136878895,0.8776167560041407,24.97691407270412,0
25.725725725725727,0.6237208719389163,0.8553808204447696,24.999590115568196,0
25.825825825825827,0.6823478638847837,0.7330728762800339,24.96825594698056,0
25.925925925925927,0.7566183114381787,0.6586208695338318,24.99594140857708,1
26.026026026026027,0.7582364998526347,0.6436424812806604,24.75053294573579,0
26.126126126126128,0.8796772431784183,0.549886832542213,25.055618979296472,0
26.226226226226228,0.8926100212410893,0.41120561079015155,24.930402524177246,0
26.326326326326328,0.8836244920987664,0.3995467795975905,25.128237606186598,1
26.426426426426428,0.8764677262637335,0.2668207548082287,25.056441000367396,0
26.526526526526528,0.9502698907614622,0.2138915825528432,24.854210068357762,1
26.626626626626628,1.0416715342660576,-0.03861412565086822,24.948666791192256,1
26.726726726726728,0.9537608635700495,-0.03563256509528925,24.921193808246187,0
26.826826826826828,0.989858209169946,-0.12233500746593208,24.982942130487125,1
26.926926926926928,1.0280449980971427,-0.29685015170675333,24.996024548076473,0
27.027027027027028,0.8992359121719269,-0.3857245887955329,25.21086301575802,1
27.127127127127128,0.8118943646635346,-0.424212312272115,24.906555974684323,0
27.227227227227228,0.9422725389622312,-0.5050515658594867,24.93274625086842,0
27.32732732732733,0.8209505886341424,-0.610246125520033,25.219089224196882,0
27.42742742742743,0.6479325176544468,-0.7095145979935145,25.068416249097478,1
27.52752752752753,0.6437422715954966,-0.7355237280971864,25.353568408839326,0
27.62762762762763,0.618997634784291,-0.7970565756840172,24.951444174231195,1
27.72772772772773,0.5630931265692172,-0.7952296609171762,25.078642471667955,0
27.82782782782783,0.4009643176989942,-0.880841566922505,25.10431489856965,1
27.92792792792793,0.3336130977970519,-0.9086301486843402,25.117449027662417,1
28.02802802802803,0.3372467525568719,-0.9513361992277738,25.104111506742633,0
28.12812812812813,0.035360999716955485,-0.937414014131125,25.041958125904205,0
28.22822822822823,0.10859506823562709,-0.8884967078414133,25.161847382412436,1
28.32832832832833,-0.0692244420089432,-0.8984864623889026,25.054823554917363,0
28.42842842842843,-0.14642539252534764,-0.9732285825681196,24.877461188904896,0
28.52852852852853,-0.23753609318934912,-0.9369011795535999,24.872778104015087,0
28.62862862862863,-0.3779480140630918,-0.9451936209103384,24.895180204644255,0
28.72872872872873,-0.41905650882479545,-0.9360259392130273,24.949960796531556,0
28.82882882882883,-0.45954445303872005,-0.9418703633015085,25.16079432641419,0
28.92892892892893,-0.5281619019743149,-0.6746989795465446,24.98746216348417,0
29.02902902902903,-0.6668398999515355,-0.8051677098286674,24.925588876857947,1
29.12912912912913,-0.7711279303576838,-0.6367408308169352,24.96282331018337,1
29.22922922922923,-0.8161575025182747,-0.6339716958136917,24.883876143064597,1
29.32932932932933,-0.9587152288481327,-0.5138796393058854,24.97687651314531,1
29.42942942942943,-0.9413136595364539,-0.412584518666723,24.865057445380902,1
29.52952952952953,-0.9128917563739963,-0.3401327473223862,25.059257448297302,1
29.62962962962963,-0.9013202856690021,-0.24135008966509464,25.080975755363056,1
29.72972972972973,-1.1124273280175805,-0.037348189755470926,25.1497580946352,1
29.82982982982983,-0.961206010555377,-0.08972151386962572,24.910238205685406,0
29.929929929929934,-1.06623014894928,0.1444564566918105,24.95995888118458,1
30.030030030030034,-0.9704835661870711,0.12850795357709033,24.9931340730943,1
30.130130130130134,-1.0092665033760506,0.21418995200746632,24.88819830304232,1
30.230230230230234,-0.8742321491856735,0.3636429271805983,24.87804832843074,0
30.330330330330334,-0.8873117031579333,0.4276239287382208,24.975429512212738,0
30.430430430430434,-0.8528696495762376,0.5990041526386589,24.965506238180062,0
30.530530530530534,-0.8191251673739439,0.6425173641145613,25.013787947999976,0
30.630630630630634,-0.7712386100808065,0.6832778066811993,24.998011964884455,0
30.730730730730734,-0.6752234208712595,0.7817599490380632,25.148304010385818,1
30.830830830830834,-0.4911386070150504,0.8919581527305721,24.875699779700238,1
30.930930930930934,-0.5512882078972414,0.910651493735349,24.96357276965823,0
31.031031031031034,-0.4084594288423355,0.8401307251835636,25.058141936060892,1
31.131131131131134,-0.28470783734081495,0.9355077983458254,25.034474061479575,0
31.231231231231234,-0.19984951009645358,1.0791200837755615,24.849171987300174,1
31.331331331331334,-0.11660617769576759,1.0441331297618308,25.02370732238998,0
31.431431431431434,-0.053368388503676395,0.9445333627555196,24.963677136638257,1
31.531531531531535,0.12524362378470236,0.9340979600953857,25.017449496744394,0
31.631631631631635,0.13667433764729545,0.9423175610829582,24.887816901615103,0
31.731731731731735,0.27431811796673433,0.9513227028495939,24.94817300579751,1
31.831831831831835,0.35281054206786555,0.9476128134568228,25.105699787062072,0
31.931931931931935,0.4611003201618583,0.8196057827679878,24.969188188509136,0
32.032032032032035,0.5144411436582532,0.7702809265648035,25.052170761444607,1
32.132132132132135,0.5365990465793151,0.7634597426353316,25.07789368727965,0
32.232232232232235,0.8162680187958256,0.6665206629941457,25.165789670850867,0
32.332332332332335,0.7789190571837049,0.577933719148317,24.96707264532961,1
32.432432432432435,0.8863680748282975,0.4970500165043171,24.99208955332959,0
32.532532532532535,0.9130719999039352,0.4057507903709394,24.953493119945716,1
32.632632632632635,1.019144647551498,0.34041134077527363,25.019146622179573,1
32.732732732732735,0.9160041936789854,0.3382634177655042,24.921159240576642,0
32.832832832832835,1.1002545926876885,0.12939169077779628,24.918578172615184,1
32.932932932932935,0.965425759971382,0.0490820510960296,24.960958295229133,0
33.033033033033036,0.9626971683229261,-0.007847390125206452,25.218057800161134,1
33.133133133133136,1.0517275559906465,-0.1480662528231903,25.00456804841949,0
33.233233233233236,0.9544007397429944,-0.19562632325387336,24.919845706901917,0
33.333333333333336,0.893574726772643,-0.3655844908045556,24.80534877675283,1
33.433433433433436,0.8012633931268685,-0.47151633058942644,25.13560392269764,1
33.533533533533536,0.8703160538494862,-0.5387381970449941,24.889082190070354,0
33.633633633633636,0.831336250166817,-0.6771148476173404,24.8570678551758,1
33.733733733733736,0.6854184245889416,-0.7932578972683842,24.907705303962807,1
33.833833833833836,0.6475915587740297,-0.745404824572817,24.898450015752495,0
33.933933933933936,0.5525616046407037,-0.9089072399739626,24.952849204718625,1
34.034034034034036,0.5135056007441368,-0.8617985478027891,24.988238276992654,1
34.134134134134136,0.4021988412232189,-0.9004672778123989,24.96610102703592,0
34.234234234234236,0.3597240906132954,-0.9400669873091181,25.027576564146568,0
34.334334334334336,0.3137090346966474,-1.003424008748748,24.980487615806144,1
34.434434434434436,0.09155476061139865,-0.9295089415797967,24.850791360698217,0
34.53453453453454,-0.012908693216853798,-0.9399005824728706,25.011130871313753,0
34.63463463463464,-0.08032751367390017,-1.0233368324748608,25.207527142193257,1
34.73473473473474,-0.1904017525052984,-1.0041098746544375,25.077058118839307,1
34.83483483483484,-0.24982271035916298,-0.95813912277274,24.980461301612998,1
34.93493493493494,-0.3561840785808321,-0.907373219480814,24.98059645787054,1
35.03503503503504,-0.4831427753061876,-0.8230424990998464,25.03475074340484,0
35.13513513513514,-0.47131491196158753,-0.8047446826462339,24.91264091985536,1
35.23523523523524,-0.663977023189998,-0.7231116538635567,24.96216729863835,1
35.33533533533534,-0.7233426873934863,-0.6679129670801542,25.172439566672065,0
35.43543543543544,-0.8253901182585202,-0.6964860520167926,24.989379699003806,0
35.53553553553554,-0.8329979354961224,-0.5634296962799321,24.863566679464167,1
35.63563563563564,-0.8248835780783629,-0.531646117459529,25.053801514296513,0
35.73573573573574,-0.8980399021247416,-0.3730202124183124,25.22752930954744,0
35.83583583583584,-0.9688822846039478,-0.27940613741919307,24.905338872856245,1
35.93593593593594,-0.9369172874909235,-0.15410839719434083,24.99206279322901,0
36.03603603603604,-0.9768127425030332,0.023831445072976687,25.03448406939994,1
36.13613613613614,-1.0890221670778086,-0.027137955631713527,24.829660744877305,0
36.23623623623624,-0.8908018379792364,0.14626105879384887,25.113733381518575,0
36.33633633633634,-1.0157431862829158,0.07594123168029268,25.065893477268112,1
36.43643643643644,-1.0295576980984635,0.2969450933902122,24.889556192367863,0
36.53653653653654,-0.9136422079901281,0.37393763370818206,25.025346784811152,1
36.63663663663664,-0.8710137028338657,0.46064068500061356,24.836181350858016,1
36.73673673673674,-0.8297095305457929,0.5474689977129631,25.00532211588466,1
36.83683683683684,-0.6617815442509248,0.5976912037196068,24.812181683156403,0
36.93693693693694,-0.7374966108954232,0.7745585434389037,24.953061313843047,0
37.03703703703704,-0.631518008121155,0.6683187774165074,25.09641400057145,1
37.13713713713714,-0.5090463139387579,0.870848603091193,24.951284609457975,1
37.23723723723724,-0.4707277705304246,0.9338474434368376,24.897062239486324,0
37.33733733733734,-0.3542900676031626,0.9179678543545124,24.931142020986535,1
37.43743743743744,-0.21183327839474034,0.9966640284629555,24.8873055445188,0
37.53753753753754,-0.12787227385072963,0.9907941689764072,24.960862547820543,1
37.63763763763764,-0.0073920521655992735,1.0328862095769664,24.90674395108946,1
37.73773773773774,0.022060676302656474,1.057463854500444,25.183532906995666,0
37.83783783783784,0.08215660509696468,0.9997380658968886,24.947299472501715,1
37.93793793793794,0.18049192612645634,0.9663371483494088,24.980972279784584,0
38.03803803803804,0.37345195475898196,0.9324330944394015,25.101581360839084,0
38.13813813813814,0.4115186231948236,0.9147180830378228,24.773002277073505,0
38.23823823823824,0.5576054064871773,0.9413187588967201,25.056430543636427,1
38.33833833833834,0.5917577388293339,0.8343525229926158,24.968283496103094,1
38.43843843843844,0.7613354173032892,0.8064918508666434,24.930083678703276,0
38.53853853853854,0.8113583889434594,0.6074294256029292,24.910552574130897,0
38.63863863863864,0.7644315281217302,0.588954685759069,24.891647234988994,0
38.73873873873874,0.8278710982216471,0.5303674441937914,25.175162359120797,0
38.83883883883884,1.015991004041782,0.2775233447741783,25.059203503688856,0
38.93893893893894,0.873867010731464,0.4327831326692734,24.899456779313017,1
39.03903903903904,0.9425920964174441,0.12969639939775934,24.98239807193946,1
39.13913913913914,0.9149030366157236,0.13959713250383915,24.928134343172765,1
39.23923923923924,0.8776605235786519,0.08723511153277819,24.8848819202235,0
39.33933933933934,1.021455581309158,-0.0825124554158169,25.17640717490918,0
39.43943943943944,1.0160236348919498,-0.1383143500945191,25.026403146700257,1
39.53953953953954,0.9285773983248625,-0.2887964339230037,25.075034594000613,1
39.63963963963964,0.990235154073715,-0.39951910576888877,24.969344627182064,1
39.73973973973974,0.9072025853572565,-0.3804083972708839,25.022888797219846,0
39.83983983983984,0.8084041898514001,-0.5747154679456145,24.98454665602203,1
39.93993993993994,0.8026044658220968,-0.6307705808127021,25.04073678489304,0
40.04004004004004,0.7536396724669426,-0.6582244185691541,25.12926197814206,1
40.14014014014014,0.6082739306251382,-0.7705883883774387,24.89663933372299,1
40.24024024024024,0.6313844009223653,-0.8557462248938664,24.99944262145795,1
40.34034034034034,0.535954088967231,-0.8971987647904055,25.025166758651537,0
40.44044044044044,0.4124538855588068,-0.9210963143300709,25.121035096984684,1
40.54054054054054,0.304946554042071,-0.9590129729459973,25.140126663178737,1
40.64064064064064,0.08679705835179381,-0.9947775381631181,24.963582782682224,0
40.74074074074074,0.08645991057127955,-1.1091801988547563,25.038546429878973,1
40.84084084084084,0.01913817984006078,-1.065994270473324,25.022920890661403,0
40.94094094094094,-0.16447761676770395,-1.0273915473470214,25.08449521152065,0
41.04104104104104,-0.11282053210942547,-0.8955607170483098,25.165483104675978,1
41.14114114114114,-0.30559853519095637,-0.9698230028390361,25.00611135822612,1
41.24124124124124,-0.3575197408827637,-0.8927263424517555,25.03559051544715,0
41.34134134134134,-0.41087993902758463,-0.9220680511185683,25.01028537595184,0
41.44144144144144,-0.5525400143180335,-0.7982964337064807,24.914245138179748,1
41.54154154154154,-0.7517232532491964,-0.7582605007117152,25.015557620805737,0
41.64164164164164,-0.6917399189192899,-0.7484634079418839,25.068774724120217,0
41.74174174174174,-0.7229566317863806,-0.5331675071049325,24.912679692051487,0
41.84184184184184,-0.7845009307545968,-0.5901017513828255,25.001216069965697,0
41.94194194194194,-0.8639954141531465,-0.39647603774029744,25.10535077189977,0
42.04204204204204,-0.8658945448388778,-0.4121435837790421,24.97010388144572,0
42.14214214214214,-1.008952444128159,-0.2038505364042939,25.159150417195175,0
42.24224224224224,-0.9605309788005655,-0.15486891273474349,24.966492524938463,1
42.34234234234234,-1.0931158702460806,-0.05290677288156734,25.007541919604897,1
42.44244244244244,-1.0348918753244245,0.057864025099333916,24.842467537660934,0
42.54254254254254,-0.9467785858822824,0.11432763350897236,24.9767150514947,0
42.64264264264264,-0.9958674370860957,0.21037601042977727,24.91413932327024,0
42.74274274274275,-0.8998778626014436,0.3752999175056442,24.967767735957086,0
42.84284284284285,-0.858143002263191,0.4451806807181513,24.727493460459357,0
42.94294294294295,-0.8297860190152867,0.5793347648852925,25.006615555066347,1
43.04304304304305,-0.8305719880892053,0.6423780180902238,25.107854333818626,0
43.14314314314315,-0.76302032323038,0.6809946060841274,25.02409910834596,1
43.24324324324325,-0.6885021297708672,0.8028734139250925,25.11035588735342,0
43.34334334334335,-0.6131183250217321,0.8586834685011492,24.992433253196097,1
43.44344344344345,-0.5528270336274782,0.9230723435745448,25.092344640748546,1
43.54354354354355,-0.37633990245446475,0.8778344598741942,24.860516432876334,0
43.64364364364365,-0.4165295007770957,0.9313622910616632,25.06777753170245,0
43.74374374374375,-0.23677660659559735,1.0057029589627002,24.983360356966216,1
43.84384384384385,-0.20715260195345492,1.007283258825605,25.142187802766017,0
43.94394394394395,-0.094013603746031,1.1209056973033047,24.990627798340178,1
44.04404404404405,0.03268975964606572,0.9274367998071603,25.08077996055557,0
44.14414414414415,0.12168593388091604,0.9895114539133063,24.94175660722403,0
44.24424424424425,0.1930214258676758,0.9589651416655512,24.983479210348513,1
44.34434434434435,0.39887189477310425,0.9704316450311992,25.02804734168278,1
44.44444444444445,0.43663268173055664,0.8779975729061728,25.050580445059182,0
44.54454454454455,0.5469676580102949,0.8166952302613606,24.94191563934933,0
44.64464464464465,0.6507007309391851,0.8318612388141229,25.242534295929765,1
44.74474474474475,0.63965542997601,0.6559290023966748,25.06008564966073,0
44.84484484484485,0.7043399707608197,0.7294034116125944,24.97165731598338,1
44.94494494494495,0.846634743480953,0.6032510559611755,25.093155816375774,0
45.04504504504505,0.8089695589358951,0.5072713826061562,24.887222679248968,1
45.14514514514515,0.9481040627399537,0.3353060875340312,24.984196278465912,1
45.24524524524525,0.9652443922052396,0.3325846976773828,24.893679348393434,0
45.34534534534535,0.9637276339621019,0.24763663034771288,25.145809116793185,1
45.44544544544545,0.9452208644411806,0.1252697647162842,25.05056621122105,1
45.54554554554555,1.0550580908231104,-0.06795390945027363,24.964786712896178,1
45.64564564564565,1.0628964169427113,-0.050145005358630715,24.999148234238543,1
45.74574574574575,0.9729191679324422,-0.24678484391903915,25.047832115683455,1
45.84584584584585,0.8195861907683967,-0.24657287259512092,24.957681983200604,0
45.94594594594595,0.8882096327551824,-0.3349810054769727,25.12591181982963,0
46.04604604604605,0.8814144645092924,-0.3335790313490917,24.946912316843857,0
46.14614614614615,0.8490403690759567,-0.5684494817502906,25.114811563661615,0
46.24624624624625,0.8006286681011716,-0.7114122924734896,25.245962102200764,1
46.34634634634635,0.7270770373056374,-0.7526704118051605,25.1858871483593,1
46.44644644644645,0.554640282255507,-0.7798711441618683,24.993283480711487,1
46.54654654654655,0.5568834707882648,-0.8838639697218529,24.924109708492516,0
46.64664664664665,0.5012682496956745,-0.7970111390227006,25.058332659960968,1
46.74674674674675,0.36823001721304754,-0.9330229395086613,24.857786791716073,0
46.84684684684685,0.31518009272767444,-0.8848599706128312,24.956886630765368,1
46.94694694694695,0.13799989685666827,-1.001127241490236,25.021586284058934,0
47.04704704704705,0.10180372856078952,-0.9883112522651617,25.116006231228514,1
47.14714714714715,-0.014642004364784446,-1.0151545664211206,24.90813454356141,0
47.24724724724725,-0.15714308418681233,-1.0275148006259107,25.037304227154927,1
47.34734734734735,-0.11956719925205603,-0.8823032367269202,24.887877461469543,0
47.44744744744745,-0.3224948591375183,-0.9506023033148704,25.003494885574348,1
47.54754754754755,-0.37926873146470425,-0.8721962006315808,24.845004219304823,0
47.64764764764765,-0.5382778156428776,-0.856146642355689,25.21676549767996,0
47.74774774774775,-0.5403839569112264,-0.8666510673094887,25.01394350359186,0
47.84784784784785,-0.6353938301718044,-0.7048627821128741,24.943079473122758,0
47.94794794794795,-0.6729966073911462,-0.6472096360686457,25.008247129424696,1
48.04804804804805,-0.8231621346234606,-0.5471084864352793,25.12992362667266,0
48.14814814814815,-0.9360481708440439,-0.4389781901780385,25.011316927488867,0
48.24824824824825,-0.9786137347154389,-0.48158464568742393,24.93473425631855,0
48.34834834834835,-1.0254499871226301,-0.3290962334736929,24.976233758203385,0
48.44844844844845,-0.9625774615361647,-0.22601280409758676,25.03187674145985,1
48.54854854854855,-0.9024173918804386,-0.11176483717939434,25.011569521773154,0
48.64864864864865,-0.9847335702518839,-0.0978713770655698,24.988501244868832,1
48.74874874874875,-0.9739083048583638,0.09531155299748591,24.891916317574363,1
48.84884884884885,-0.9981801727380523,0.1456472044856381,25.056333577106017,0
48.94894894894895,-0.8714144856737706,0.2935476544190405,25.09025089443027,1
49.04904904904905,-0.9730988880831045,0.42372804503538736,24.987696273238377,0
49.14914914914915,-0.8994698170965292,0.4454666613852223,24.972169946357734,0
49.24924924924925,-0.876535508996363,0.5379855390320442,25.06586107846116,1
49.34934934934935,-0.9215331828750847,0.665875754005106,24.87140748335715,1
49.44944944944945,-0.7155607926628024,0.6989714567401739,24.9563154218287,1
49.54954954954955,-0.6011048135700792,0.803306450484188,25.107565263809807,1
49.64964964964965,-0.5037546261057256,0.7788315395179386,24.95848084692045,0
49.74974974974975,-0.436237609950615,0.8818158055606029,24.93550737412984,0
49.84984984984985,-0.45895320678832274,0.9755171786105719,25.084075953724128,1
49.94994994994995,-0.2857955642010294,1.02177759139986,24.814650043066123,0
50.050050050050054,-0.193575106938943,0.983401362492723,24.98157607524574,1
50.150150150150154,-0.12274615059876785,1.0314900311423911,25.060819506018227,1
50.250250250250254,-0.047311177281506155,1.0793588922264854,24.971712511074195,1
50.350350350350354,-0.04028879901155506,0.986408423413322,25.068289371591202,0
50.450450450450454,0.23042153552061984,1.0130087114892377,24.962361873165836,1
50.550550550550554,0.2742791743110971,0.9108914127843692,25.144617768959748,1
50.650650650650654,0.2965487548904241,0.9994709594735814,24.930456361321014,0
50.750750750750754,0.42536244700546955,0.8287048060922527,25.02271731728803,0
50.850850850850854,0.5717552789652678,0.880915620452447,25.016885258282283,1
50.950950950950954,0.7074112318826241,0.7381765752675122,25.08335032419115,0
51.051051051051054,0.6592487674796172,0.6999462410985191,25.09874145269393,0
51.151151151151154,0.7736089647868428,0.6555146614077171,24.919666897450604,1
51.251251251251254,0.7912419229137843,0.6218979001814011,25.023966282976506,1
51.351351351351354,0.8950084981830699,0.4598606026588539,24.841697409708303,0
51.451451451451454,0.9532295891065944,0.34687567600399716,24.85877592453872,1
51.551551551551555,0.8886037451715044,0.2514804838900544,24.98038724988235,0
51.651651651651655,0.9815434231126604,0.13781786631652398,25.058615331226097,1
51.751751751751755,1.070752740670781,-0.011198697252430806,24.963023724384747,0
51.851851851851855,0.991996294589458,-0.03904627591221581,24.969087649582573,1
51.951951951951955,1.0483208576647773,-0.15244673579006737,24.874993663843654,0
52.052052052052055,0.9788544561770991,-0.19951877441203691,24.872727371599346,0
52.152152152152155,0.9552782655327667,-0.3547504709962753,24.976324867297283,1
52.252252252252255,0.9457508592487673,-0.4419379430108121,25.01399946750187,0
52.352352352352355,0.8637433605985286,-0.4729689000454558,24.82612538799648,1
52.452452452452455,0.7971802602923267,-0.6546014997861596,25.290395065449893,1
52.552552552552555,0.6511003652037279,-0.6039385783212887,25.091859863954266,1
52.652652652652655,0.7186503242555718,-0.7055612722324912,24.8753928693946,0
52.752752752752755,0.6339341553504658,-0.8164377233940735,24.78241530616808,0
52.852852852852855,0.4894886137317972,-0.8914037513049065,25.13807883927552,1
52.952952952952955,0.45999724895486116,-0.999952788234812,24.9853799072215,1
53.053053053053056,0.4238763527111293,-0.8770317720091654,25.0143810395465,0
53.153153153153156,0.24499568528190677,-0.9529552374053772,25.138278625300597,1
53.253253253253256,0.24920177502527363,-0.9504748325887482,25.10043415437043,1
53.353353353353356,0.12509579651874908,-1.0073659121289966,25.073077330146596,1
53.453453453453456,-0.03260212677717313,-1.0209537098797326,25.035673482679826,0
53.553553553553556,-0.0296397743533231,-0.9927283849940848,25.04772231168905,0
53.653653653653656,-0.2648045278103662,-0.9284648328862561,24.98463797488799,1
53.753753753753756,-0.19967323420029134,-0.8708326685056835,25.11307082967377,0
53.853853853853856,-0.5443585526377238,-0.9082518431109942,25.080419420519355,0
53.953953953953956,-0.48769227377918345,-0.9013431236453502,24.87964500563887,1
54.054054054054056,-0.5999861800640872,-0.8754394957845395,24.941942700077142,1
54.154154154154156,-0.6838371310734478,-0.7109562512398965,25.04337538685386,1
54.254254254254256,-0.7467871612333725,-0.6446005954998474,25.140712035897547,1
54.354354354354356,-0.8287702030477461,-0.6716243651031317,25.20246114037439,0
54.454454454454456,-0.9376093961301954,-0.5351225863039256,25.008567184516224,1
54.55455455455456,-0.8466732058286726,-0.41940168918275245,25.04435684525199,1
54.65465465465466,-0.9551902110697771,-0.2699329574658425,24.83084733227568,1
54.75475475475476,-0.963155735355851,-0.1686364476736671,24.964202405628555,0
54.85485485485486,-1.0730657969713555,-0.23108331906953172,25.005036523730972,1
54.95495495495496,-1.0748255406782385,-0.020262403754437434,25.010067589239366,1
55.05505505505506,-0.9804343267895959,0.05767225586741434,24.973369976481628,0
55.15515515515516,-1.0325638723652846,0.20131403468889775,24.954106807619734,1
55.25525525525526,-0.8812661012209664,0.27858245265731074,24.952996335241874,1
55.35535535535536,-0.8982140726939801,0.3354772808715071,24.969533239996746,1
55.45545545545546,-0.9211456609230106,0.45469122977390486,25.04343338642403,1
55.55555555555556,-0.7902839636625985,0.49010842060909665,24.929460868942957,1
55.65565565565566,-0.7833107331622251,0.6041503895796537,25.01143845011105,1
55.75575575575576,-0.6644231256393947,0.6898038874974036,24.856388776603087,1
55.85585585585586,-0.6401610194936567,0.7958309582103728,24.869687085621997,1
55.95595595595596,-0.561053133180412,0.8546963396739363,25.005947076154243,0
56.05605605605606,-0.41354898974085513,0.8578853635721264,25.08952245508251,1
56.15615615615616,-0.3466288983167791,0.9586809071335048,25.06805727783634,1
56.25625625625626,-0.21405883991091468,0.9348022982813676,24.972400991382557,0
56.35635635635636,-0.13019436170101975,1.0465043324919283,24.750866705201403,1
56.45645645645646,-0.03406244793315047,1.0349374878458144,25.188404002251378,1
56.55655655655656,-0.013292889117240744,1.0342397098759557,25.01293670748407,1
56.65665665665666,0.16908504627567325,1.1721389778845732,25.128039132269983,1
56.75675675675676,0.12734564531968684,1.011571750623467,24.971453456018388,1
56.85685685685686,0.299389532084749,0.8753430240829294,25.046421972164026,0
56.95695695695696,0.3715213819522706,0.8613756835346829,24.971781250593896,1
57.05705705705706,0.47501398330396416,0.8492637439779628,25.0798720090581,0
57.15715715715716,0.5539800974812965,0.7981815223990487,25.05120846142374,0
57.25725725725726,0.6093588683420474,0.7808173601218188,24.926926347215325,1
57.35735735735736,0.7488575475695258,0.7670577087413797,25.013040159878372,0
57.45745745745746,0.6985602772630619,0.6498287468064505,24.965876337713823,0
57.55755755755756,0.8632171987910927,0.5715353763456406,24.897186035913304,1
57.65765765765766,0.9660389436399536,0.4117547114763781,25.023607628468124,1
57.75775775775776,0.9198571909144361,0.3035360647201441,24.99931489633056,1
57.85785785785786,0.9923722152348043,0.29986326325799173,25.068727115230047,1
57.95795795795796,1.0290772881106371,0.1696084241277344,24.930817347497435,0
58.05805805805806,0.9309802353304034,0.0236325581677079,24.96136906191069,1
58.15815815815816,1.0362514031656511,-0.09848353811011053,25.064849848395617,0
58.25825825825826,1.0395468683673994,-0.1076841387227288,24.85373640429397,0
58.35835835835836,1.0252487645965707,-0.20336026775915936,24.792517929954755,0
58.45845845845846,1.0191899668197404,-0.3033272072656013,25.03134444416037,1
58.55855855855856,0.8874614722335732,-0.4612512114659142,25.11908895463241,0
58.65865865865866,0.9073699800688535,-0.5437106793089505,25.097782573970587,0
58.75875875875876,0.7421544586551345,-0.6234583031541095,25.09957998884893,1
58.85885885885886,0.7603646962548317,-0.7256186601172437,24.961265570645754,0
58.95895895895896,0.6455503281998609,-0.7946674822810729,24.75282692065699,1
59.05905905905906,0.4833466408851798,-0.753710663935907,24.907801837547456,0
59.15915915915916,0.5437669694433603,-0.7808805618116801,25.048383646604453,0
59.25925925925926,0.44952287427040943,-0.8879861251637989,24.904394920732926,0
59.35935935935936,0.2738645426674709,-0.8683073097606518,24.952043202895382,0
59.45945945945946,0.28476845116620053,-0.99035220533371,24.946111512992385,0
59.55955955955956,0.148168552716655,-0.9215448254997797,24.979314028789517,1
59.65965965965966,0.04583943978007922,-1.0812386509469731,25.07650324896588,0
59.75975975975976,-0.008870275758228616,-0.966295770472481,25.033289635347952,0
59.85985985985987,-0.18051020492284944,-1.025044934984379,25.028419256504975,1
59.95995995995997,-0.33949392840311826,-0.9042531097858293,24.789273858769427,0
60.06006006006007,-0.3179673341087301,-0.9306555382690531,24.85035741854413,1
60.16016016016017,-0.4714793317634973,-0.9591223866441344,25.063500987376525,1
60.26026026026027,-0.5070200897296274,-0.8294964776459058,24.93574200018883,0
60.36036036036037,-0.6847314026112411,-0.7908000057670673,24.99302735566728,1
60.46046046046047,-0.649232832825934,-0.6653821400940869,25.062237955371565,1
60.56056056056057,-0.763556055472568,-0.5158379891539044,25.001409401186017,1
60.66066066066067,-0.8910813264788949,-0.4966995954402732,24.904185892446012,0
60.76076076076077,-0.8736926841063339,-0.47858647712752694,24.938047796052768,0
60.86086086086087,-1.0034323414942874,-0.32355665902206,24.865377983205423,0
60.96096096096097,-0.9569590399372931,-0.2780423302371772,24.952245744499002,0
61.06106106106107,-0.9570319995077217,-0.191370088277235,24.934333219130277,1
61.16116116116117,-1.0029107889082753,-0.028678398489850904,25.003251429520237,0
61.26126126126127,-0.9700488668794464,0.014308088166249653,25.05629481569157,0
61.36136136136137,-1.075840137996559,0.07524669518660398,24.976201706615495,1
61.46146146146147,-1.0378618275297344,0.21643713890156477,25.084313421783474,1
61.56156156156157,-0.9465906449363835,0.2510402920727891,24.946324241407364,1
61.66166166166167,-0.9741586405942505,0.40008512229462223,24.9670092903832,1
61.76176176176177,-0.867907515311834,0.4374463061975058,24.94717032563393,0
61.86186186186187,-0.9611544304636713,0.6116392665036071,25.055029916998052,1
61.96196196196197,-0.7798500761561128,0.7130266975956401,24.956682489159963,1
62.06206206206207,-0.6202343088813889,0.7155110395326962,24.884800218767083,0
62.16216216216217,-0.6008479566664056,0.6757773578855318,24.91449942000979,1
62.26226226226227,-0.5863227700705939,0.79212258122881,25.078441894579846,0
62.36236236236237,-0.4301357996083406,0.9034819883937023,25.046655172419086,1
62.46246246246247,-0.427326491254943,0.8750863713683859,25.02219390182691,0
62.56256256256257,-0.19525378352712863,0.9274168611886565,24.87862541238858,1
62.66266266266267,-0.16097705622165537,0.9573053258271039,24.946981318204656,0
62.76276276276277,-0.0416821381394913,1.0360143105121427,24.96121892934104,0
62.86286286286287,-0.019296303699678035,0.9792340619059887,25.182779362387155,0
62.96296296296297,0.041319188531700704,1.0579163388463688,24.97708216266363,0
63.06306306306307,0.27421100015580335,0.9609999801815213,25.017713022383973,1
63.16316316316317,0.3362645293363231,0.9903180920757091,25.093599636084626,0
63.26326326326327,0.3271608032476778,0.9280505292122762,24.840982472088633,0
63.36336336336337,0.48383577857342425,0.8683204237801108,25.17304387741375,1
63.46346346346347,0.5220995621839031,0.735113097455356,24.980680922212517,1
63.56356356356357,0.8045369453536889,0.6600677131881346,24.837111513922764,0
63.66366366366367,0.7454810733975402,0.61132073195336,24.853322512167857,1
63.76376376376377,0.772537492000933,0.6233254921891308,25.027181392220385,1
63.86386386386387,0.757204705929991,0.5009482285286819,24.90190475756413,0
63.96396396396397,0.9883172915304538,0.44934870502805746,25.005134545956018,1
64.06406406406407,1.0267483074243802,0.36895590887698937,25.146928504925665,0
64.16416416416416,0.9954212587419455,0.2840985303440393,25.07069224991325,0
64.26426426426427,0.9544019605870888,0.2497320340177363,24.914509123390047,1
64.36436436436436,1.0002034271323437,0.05542823746376618,25.001427502919718,0
64.46446446446447,1.1215196758111303,-0.0811234653327747,25.138061645059782,1
64.56456456456456,0.9787208320804642,-0.13419083413546118,25.142668566186142,1
64.66466466466467,0.9916141709086306,-0.230492741537488,24.92219351260265,1
64.76476476476476,0.9951079930470296,-0.36432268823564573,24.850613138091003,0
64.86486486486487,0.906385799480331,-0.4597742856233269,25.112311570848664,0
64.96496496496496,0.8867717981706752,-0.6521473187480963,24.94470028839011,0
65.06506506506507,0.7162389205825993,-0.6432166370843139,25.071437345104567,0
65.16516516516516,0.7716342046341204,-0.6464332298932518,25.118509447376745,0
65.26526526526527,0.7049915222502027,-0.7774103879011572,25.217835787231955,0
65.36536536536536,0.569243331347281,-0.812199856858284,24.8295968123545,0
65.46546546546547,0.5192512619692383,-0.9461721488010049,24.835958797020382,1
65.56556556556556,0.37507864894143683,-0.8769451462965419,25.070647969326863,0
65.66566566566567,0.3119155976547365,-0.9112879710338244,24.898106361352806,1
65.76576576576576,0.19852916053694003,-0.9343045865605747,25.00369284697119,1
65.86586586586587,0.14597461417533936,-0.9570199911458745,25.038328087945562,1
65.96596596596596,-0.06498207107189953,-1.024043164749529,24.86059611621406,0
66.06606606606607,-0.027534124975219204,-1.0269758629819328,25.01643824813595,0
66.16616616616616,-0.15411162885296062,-0.9941968390663389,24.916421219857444,1
66.26626626626627,-0.26636779469308386,-1.0186020700937417,25.03015846606302,1
66.36636636636636,-0.3327106596205316,-0.880498945951301,24.98103531598413,0
66.46646646646647,-0.47058835595879384,-0.8423497712648197,24.920619880262553,0
66.56656656656656,-0.5807896441368243,-0.8088455423533355,24.9295273865513,1
66.66666666666667,-0.6922780726733496,-0.7736414828126508,25.069898447995186,0
66.76676676676676,-0.7510525357641975,-0.7608787043405723,25.023896810866788,1
66.86686686686687,-0.8054178941234746,-0.7148684397442767,25.077700363494326,0
66.96696696696696,-0.9631200446551831,-0.559490586223934,24.925841480852394,0
67.06706706706707,-0.8299209247763117,-0.414314994979344,24.984878395360028,0
67.16716716716716,-0.9283387776336741,-0.3387449406731767,25.0006017953462,1
67.26726726726727,-0.987110500215709,-0.25431027056537026,25.039063681086585,1
67.36736736736736,-0.9703469565969417,-0.14667740577336968,24.761316437982828,0
67.46746746746747,-1.0293759930051538,-0.014740333037994886,24.90918404205724,1
67.56756756756756,-1.0190855548358129,-0.05166102463889702,25.03883906475045,1
67.66766766766767,-0.9593519775872824,0.13209271078987822,24.952890292593278,0
67.76776776776777,-0.9620420449748218,0.14584935902146656,25.07402097386692,0
67.86786786786787,-0.9282134835690367,0.22182356796076966,25.080115124260846,0
67.96796796796797,-0.8633855373780183,0.32979483916010366,25.184913564675536,1
68.06806806806807,-0.7596735850336569,0.46987419016245424,25.045433638725164,1
68.16816816816817,-0.9022304217983579,0.5421265985931661,24.997275669355826,1
68.26826826826827,-0.7184581175755648,0.6389211497688886,24.97081248834755,0
68.36836836836838,-0.6772805081519374,0.7278804585778421,24.957829146455587,1
68.46846846846847,-0.5560607439888353,0.7911129980924902,24.997445941932597,1
68.56856856856858,-0.5085890020267524,0.8499901442133375,24.999856410313754,1
68.66866866866867,-0.3381210464906926,0.9483442749611002,24.933375336318836,0
68.76876876876878,-0.2704063167481377,1.0024996870855623,24.945635487800917,1
68.86886886886887,-0.25068638815556843,0.9117001445062607,25.064643860466962,0
68.96896896896898,-0.2399545930468246,0.9984554069711622,24.921167152260324,1
69.06906906906907,-0.0445782446696758,0.9465230315611499,25.093275844943943,1
69.16916916916918,0.1643551007150852,1.0213187514178694,24.96355922528441,0
69.26926926926927,0.12701769262719806,1.04044346468046,24.961688287814763,0
69.36936936936938,0.22051594397068933,0.9358661159879957,25.026829638584612,1
69.46946946946947,0.37520704281152945,0.9723708171097905,25.06736543763233,1
69.56956956956958,0.47059955895654976,0.8716510763243557,24.991639906347398,0
69.66966966966967,0.5392749484271288,0.8257653900154599,24.88129693383651,0
69.76976976976978,0.6832626735959944,0.7245575094104109,24.858771614052827,1
69.86986986986987,0.6393174272787974,0.7550989715292328,24.957636225543524,0
69.96996996996998,0.6929466120692085,0.6409962471368682,25.0037946210354,0
70.07007007007007,0.8908578289511608,0.5363382584796087,25.089088240676325,1
70.17017017017018,0.9976033111823861,0.5031970182567513,24.977944236592105,0
70.27027027027027,0.9458560414928876,0.33881425494693573,25.044674876201107,0
70.37037037037038,0.8566955707800126,0.2973811340458688,25.05624165972655,0
70.47047047047047,0.89721864157289,0.2289210992839396,24.757134399756758,0
70.57057057057058,0.884696182813798,0.10682284674175384,25.02722255091926,1
70.67067067067067,1.046617971129173,-0.01601830167931193,25.073700523043623,0
70.77077077077078,1.0039073684302828,-0.10603103165649996,24.957031949313915,0
70.87087087087087,1.0242472269036786,-0.1481032310755809,25.16198430890111,0
70.97097097097098,0.9362270129178205,-0.3499745161609338,25.042758788819157,0
71.07107107107107,0.9062205330830104,-0.446984983951916,25.01181340181227,0
71.17117117117118,0.8706459970784288,-0.46536997803712166,25.09850062432797,1
71.27127127127127,0.7523899719177232,-0.5468324196061151,24.965721688886923,0
71.37137137137138,0.7250817521765479,-0.6904162351282931,24.952405979651804,1
71.47147147147147,0.8387945875209077,-0.7643869008321951,25.05351884475228,1
71.57157157157158,0.6328743853054067,-0.8544627376407792,25.031144176654774,1
71.67167167167167,0.5283592334549689,-0.7692596423002106,24.882764105384382,0
71.77177177177178,0.41017394412097385,-0.9025019095296505,25.086312864792177,0
71.87187187187187,0.3635741669923234,-0.9266498663427958,25.024192903558973,1
71.97197197197198,0.24816243833648505,-0.9586887921415421,25.061638007018466,0
72.07207207207207,0.07863146270262787,-0.96340610293167,25.208025139488694,0
72.17217217217218,0.16210250658453412,-1.0606052773005734,24.961085979596,1
72.27227227227228,-0.010201548191994099,-1.0050806347648393,24.90591251618648,0
72.37237237237238,-0.10237320746054537,-1.0899322465299839,24.7909661688151,0
72.47247247247248,-0.1882012909365308,-0.9602897069884528,24.90387636031652,1
72.57257257257258,-0.3559681582297202,-0.97769235523104,24.875751256525067,1
72.67267267267268,-0.36797197529089887,-0.9000592512030545,25.057193995058913,1
72.77277277277278,-0.44922700587491154,-0.8484062230999322,24.97401878971596,1
72.87287287287288,-0.5857465786929188,-0.8164200658779105,25.13425333023824,0
72.97297297297298,-0.6209328739339965,-0.8162654769636312,24.858751753017934,0
73.07307307307308,-0.6949807075352051,-0.6371884429313845,25.08450624950897,0
73.17317317317318,-0.8216779277296444,-0.5751044492328143,25.080575037645453,1
73.27327327327328,-0.7852247290996482,-0.5613677864676814,24.89145180161626,1
73.37337337337338,-0.8678643919002647,-0.4063676292698817,25.13034662496114,1
73.47347347347348,-0.9911122566775824,-0.3405265131275848,24.87462831484031,1
73.57357357357358,-1.052480989875356,-0.24118336630692097,25.078278139997256,1
73.67367367367368,-1.0634169523159833,-0.22660676430622992,25.001573958222536,1
73.77377377377378,-0.9640869824733642,-0.015262505155193097,25.073074716732947,1
73.87387387387388,-0.9627926246163064,0.137992541389541,24.788765261008272,0
73.97397397397398,-1.0566685713603015,0.09375978682057311,25.054760501290268,0
74.07407407407408,-1.0593052906278038,0.17095176755059016,24.877857031203195,0
74.17417417417418,-0.8798955772126318,0.2602397625553832,24.89034908015991,0
74.27427427427428,-0.9136807582308709,0.43335853465243723,24.997007527737857,1
74.37437437437438,-0.8245247917788604,0.5085957730311694,25.004324427739373,0
74.47447447447448,-0.7740944952456531,0.5927059050486876,25.032958491296366,0
74.57457457457458,-0.7933042925315225,0.6931322844685889,24.842704341756136,0
74.67467467467468,-0.6280291905437686,0.8058791096558636,24.805543344851838,1
74.77477477477478,-0.5891497902556836,0.8362080399213837,25.016264922400552,1
74.87487487487488,-0.50112699437431,0.9152263617018255,25.143092957752035,1
74.97497497497498,-0.39314166623364954,0.8521675731316953,24.707013397986604,1
75.07507507507508,-0.327604755173447,0.8934601250258605,25.108281848201127,1
75.17517517517518,-0.13585151905202797,1.0100238564729067,25.055782340993346,0
75.27527527527528,-0.13966367484771045,1.0295695629918569,24.872752923111136,0
75.37537537537538,-0.06014925426291817,1.0040029434793045,25.22414735560559,1
75.47547547547548,0.09920117655584713,0.9543111861404104,24.91383248510049,0
75.57557557557558,0.17290353450968335,1.0977804753229838,24.876124459862123,0
75.67567567567568,0.26270440523829236,0.9703462381941285,25.098436112708654,0
75.77577577577578,0.3695870095566853,0.9211190344316723,24.977591327889677,1
75.87587587587588,0.4879464687485015,0.9177430687197197,25.08966822653116,1
75.97597597597598,0.5301797397940311,0.823949682833377,25.038643746661783,0
76.07607607607608,0.6594014476600683,0.7637186719441599,24.826873946794905,0
76.17617617617618,0.7794282931415686,0.6677470934596187,25.104264902528193,0
76.27627627627628,0.8166239804741007,0.694775679744479,25.012182797462497,1
76.37637637637638,0.8576280788583484,0.5190885776818153,25.078929461914484,0
76.47647647647648,0.8164075799933329,0.4842807552276331,24.88750832520352,1
76.57657657657658,0.9716376155552889,0.32909447039387685,24.94827902258139,0
76.67667667667668,0.9239629220930314,0.2958166191426345,24.915633523256712,1
76.77677677677679,0.9776310675006759,0.13131064247073146,25.084347629666865,0
76.87687687687688,1.0464980999869435,0.0745937012773861,24.905215873640834,1
76.97697697697699,0.9946011125456389,-0.0206920659246295,25.020486887993123,1
77.07707707707708,0.9601050076093043,0.034994075370041414,24.955149035076623,1
77.17717717717719,0.9724745299796252,-0.2198837063690433,25.13945841377486,1
77.27727727727728,0.9929252361914493,-0.37384513986802287,24.877448590653977,1
77.37737737737739,0.8462759007912989,-0.3654743226701043,24.951283098624504,1
77.47747747747748,0.8036907283408977,-0.5034881849338846,24.95763819849473,0
77.57757757757759,0.9751013708355907,-0.5504713650528108,25.010780173748117,1
77.67767767767768,0.7182544188349707,-0.6034060242643889,25.031384171036926,1
77.77777777777779,0.6533080098501725,-0.7453876629955722,24.933980139644653,0
77.87787787787788,0.6407707378045021,-0.7958206220417346,24.95398579187875,0
77.97797797797799,0.481208077311457,-0.8240050384679687,25.06815065251051,0
78.07807807807808,0.45644810001028685,-0.9248985994342755,25.11811223337865,0
78.17817817817819,0.3013929733015437,-0.9544842530124897,25.03262022965285,1
78.27827827827828,0.23014909983866688,-0.9921901741225434,25.02559410872488,1
78.37837837837839,0.1033214713615847,-1.0496077920255031,24.98822919311935,1
78.47847847847848,0.027039162489537416,-1.0796007651824058,25.131532037969997,1
78.57857857857859,-0.07422427151376693,-1.1314553597217551,25.08522327161949,0
78.67867867867868,-0.11540484436846654,-0.9773846477566823,24.907412217718743,1
78.77877877877879,-0.2677796652432579,-1.0447595378435233,25.11595865507669,1
78.87887887887888,-0.2996268589363759,-0.9455263256374773,25.180030244554345,0
78.97897897897899,-0.3549444917818971,-0.9116293164556789,25.049140699397473,1
79.07907907907908,-0.49582981755451533,-0.840355826311955,25.05053291437165,0
79.17917917917919,-0.6538927677906716,-0.8303549017709058,25.01392829916429,0
79.27927927927928,-0.6966319176271049,-0.7519924471373329,25.055761306834164,0
79.37937937937939,-0.7658184236934487,-0.5565801494835299,25.007154347923798,0
79.47947947947948,-0.8122638046889129,-0.53972910648004,24.9747865439336,1
79.57957957957959,-0.8735431637828803,-0.4688213059279632,25.17174393611452,1
79.67967967967968,-0.8631743054679536,-0.3644957346987695,24.936417880809778,0
79.77977977977979,-0.9282935487733232,-0.31300713544018355,24.93058754699092,0
79.87987987987988,-0.9911135944961976,-0.2066916063323723,25.058635673579655,1
79.97997997997999,-0.9033519920481602,-0.0776529311957882,25.011732195218745,0
80.08008008008008,-0.9859875337441726,-0.10403858777257119,24.821874359781845,0
80.18018018018019,-1.016284575388263,0.05137180707771602,24.97153198008236,0
80.28028028028028,-1.0231910612680215,0.21039644543896727,25.004951420183318,0
80.38038038038039,-0.9750300150372706,0.19407859957009693,25.12252200807972,1
80.48048048048048,-0.8913871491333455,0.35915824916109823,25.03304531006671,0
80.58058058058059,-0.838202401476016,0.38296493286692723,25.05976807092634,0
80.68068068068068,-0.8288105260434997,0.5107196300161709,24.90461538818189,1
80.78078078078079,-0.8533070848861358,0.618112108514709,24.87514631502812,1
80.88088088088088,-0.6878098098720753,0.6363815536964967,24.96659234536123,1
80.98098098098099,-0.6714695210894259,0.8086527149626116,25.064566759418355,0
81.08108108108108,-0.6262667781437803,0.8098101190219468,25.15513807032864,1
81.18118118118119,-0.36316451349322865,0.83092994584855,24.90638855621145,1
81.28128128128128,-0.4169733448860804,0.9050482681618526,24.95562062164332,1
81.38138138138139,-0.28343769959413445,1.0050607331385841,24.919462549299414,0
81.48148148148148,-0.23298472957444938,1.0553457893979648,25.034145303522145,0
81.58158158158159,-0.0677440405548081,0.9994826099250942,25.06455061030018,0
81.68168168168168,-0.01960258119400663,1.0689251276381777,25.0693544155915,1
81.78178178178179,0.054164612212600924,1.0029746797084391,24.945573982394798,1
81.88188188188188,0.2239022471467941,0.8681397397597382,25.112943727617946,1
81.98198198198199,0.31444102044959005,1.0048170060182753,24.874773396007583,1
82.08208208208208,0.4148542064944997,0.8627058928594924,25.113456822828386,0
82.18218218218219,0.4729705565761373,0.9781422448721502,24.947698423859137,1
82.28228228228228,0.5687575286991408,0.811635387838683,25.13182818091262,0
82.38238238238239,0.5780262097677291,0.756034981148741,25.070219109540407,1
82.48248248248248,0.7565259869746755,0.7161766271835005,25.104015719121865,1
82.58258258258259,0.8484408967808686,0.5847924182123345,25.06667099818189,0
82.68268268268268,0.9315922425311941,0.5857640213263302,25.001742850658967,1
82.78278278278279,0.8535566875371907,0.4675502325181597,24.82735275650744,0
82.88288288288288,0.9310488154545279,0.3231568151111958,24.86681144062017,1
82.98298298298299,0.9323623908394907,0.3412723958473971,25.19024521268045,1
83.08308308308308,1.03899724629538,0.24242001836653876,24.986609806646616,0
83.18318318318319,1.008567354118249,0.04643317412009866,25.064903997685153,1
83.28328328328328,1.0189421236681255,-0.02160668521641291,24.97293732282434,0
83.38338338338339,0.9120857185758513,-0.1974492807191266,24.950909617806442,0
83.48348348348348,0.9296751409587818,-0.2205228740450948,24.99818408019991,0
83.58358358358359,0.873229267169097,-0.39944444892166675,24.897738017877515,1
83.68368368368368,0.8713010422527843,-0.4559235042914941,25.14719285291825,1
83.78378378378379,0.8001802546212315,-0.4742491362251163,24.953773604140032,0
83.88388388388388,0.772509312999166,-0.6079435092164236,25.001106145663066,1
83.98398398398399,0.7689544304854343,-0.6687830603637136,25.13374101563442,1
84.08408408408408,0.6372615280771159,-0.7513575225059244,24.887168118885825,1
84.18418418418419,0.5750209460558606,-0.735203192945951,24.911631185891956,1
84.28428428428428,0.5203504466269179,-0.8790717981390729,24.8414610843099,0
84.38438438438439,0.45115152725707297,-0.9010575510768153,24.998440453096553,1
84.48448448448448,0.3494316656819751,-0.9676376085903492,24.98928368346079,0
84.58458458458459,0.2744951437346967,-0.9792726970300114,25.107635655336374,0
84.68468468468468,0.1341784321403775,-0.9123424651081404,25.06805522471157,0
84.78478478478479,0.11862297629581289,-0.9999204890042522,25.030215066229182,0
84.88488488488488,-0.06297541311175553,-0.9696093597856247,25.019355284986574,1
84.98498498498499,-0.20270666673765342,-0.9706334522921397,25.042030344307513,0
85.08508508508508,-0.23975183412871176,-0.9891910797603362,25.021509397057816,0
85.18518518518519,-0.32217159740023954,-0.8905160083288396,24.9485004297033,1
85.28528528528528,-0.3150253077422265,-0.8478868848152019,25.079899247636224,0
85.38538538538539,-0.5926550508342168,-0.8457196851560265,24.85073789610166,0
85.4854854854855,-0.6244297741456085,-0.8091369109313504,24.98078491299074,0
85.58558558558559,-0.7017943758446472,-0.8114902033492524,25.03226157574539,1
85.6856856856857,-0.7439236718418251,-0.6020634573905154,24.88234466183763,0
85.78578578578579,-0.7606142962759075,-0.5650046859878693,24.89109861676391,0
85.8858858858859,-0.814915362970591,-0.5234408579203063,24.986284152307395,0
85.98598598598599,-0.9178434201393615,-0.3638937423717975,25.01000342192605,0
86.0860860860861,-0.9214464653211166,-0.3122492261672786,25.06331684761974,0
86.18618618618619,-0.9730369555656609,-0.13684836782720186,24.958292373715516,1
86.2862862862863,-0.9792155259783445,-0.06428375420168667,25.051192951970133,0
86.38638638638639,-0.950695799295863,0.00044075867267445116,24.972717140657032,0
86.4864864864865,-0.9567355910135753,0.08596150449521335,24.87709320865637,0
86.58658658658659,-0.962238278793225,0.19293819840709323,24.89825450301305,0
86.6866866866867,-0.9482801321052444,0.25804545133611534,25.172798408164425,0
86.78678678678679,-0.9979626842330168,0.3511606556057026,24.97837933424583,1
86.8868868868869,-0.9419270691399739,0.5209811695807773,24.98833571538918,1
86.98698698698699,-0.8322029939258452,0.6071281600790893,25.016405613935984,1
87.0870870870871,-0.7429743059389515,0.6502314879198425,24.950564927669703,0
87.18718718718719,-0.7729530959704055,0.6357459960705577,24.813836507411438,1
87.2872872872873,-0.6279435022948524,0.7966038334077914,24.983814125812422,0
87.38738738738739,-0.565980071083727,0.8509073379488377,24.881218600853593,1
87.4874874874875,-0.40985423019635125,0.8906654571120144,24.941466362581522,1
87.58758758758759,-0.42203804058981853,0.9679442493666081,25.0658744221624,1
87.6876876876877,-0.2642194243732755,1.0264919356149578,25.113181049152125,0
87.78778778778779,-0.12148274419944817,1.0957479481660317,25.201519527726326,1
87.8878878878879,-0.10447774402389136,0.9829100822318386,24.77525178580039,1
87.98798798798799,0.18203041234499212,1.058348941790668,25.14152021973759,0
88.0880880880881,0.16292557386600415,1.0483220593994114,25.041106987716663,0
88.18818818818819,0.2584505728566972,0.9862832732833816,25.028151718081396,1
88.2882882882883,0.3255252170948099,0.91483978964889,24.902011860761913,0
88.38838838838839,0.38191237217479684,0.9695731224103665,24.928100327153967,0
88.4884884884885,0.5009302337420632,0.9796831786355271,24.921608317949385,1
88.58858858858859,0.6093056622765358,0.8565895607923225,25.146094577809574,0
88.6886886886887,0.7042279579971761,0.7203751844473473,24.831833274912107,1
88.78878878878879,0.7232814929071527,0.6566339125197133,25.04599262410748,0
88.8888888888889,0.8391246562652002,0.6274256350116004,24.942162607858187,0
88.988988988989,0.8209288656140742,0.4258840469628823,24.905863279862633,0
89.0890890890891,0.831291635492202,0.4977551623965359,25.073737504319713,0
89.1891891891892,0.9118642563249558,0.3012794370766997,25.112320621943603,1
89.2892892892893,0.9203665831950641,0.3277371925766054,25.065623701581575,1
89.3893893893894,1.0391909652205382,0.17223170259713882,24.841677823896234,0
89.4894894894895,0.9878407044758626,0.0746037896848689,24.889989544460697,1
89.5895895895896,1.0299395158152587,-0.07993239816307751,24.879468710398697,0
89.6896896896897,1.0450431888684348,-0.2639423310051433,25.00751669895354,1
89.7897897897898,0.9297054432194992,-0.15805315978887977,24.88008597781818,0
89.8898898898899,0.9168983158071842,-0.3651228410498051,24.810047834820665,0
89.98998998999,0.8929844932440615,-0.4881114485422843,25.008369100628983,0
90.0900900900901,0.9120469055361943,-0.5501688214894,24.87572284456871,0
90.1901901901902,0.8170496384242896,-0.5275303991710221,25.03680507084866,0
90.2902902902903,0.6737094157337369,-0.736930752209671,24.952770494820836,0
90.3903903903904,0.6429864530123658,-0.7618515570399165,24.80007144676782,1
90.4904904904905,0.5363514687957516,-0.7575938739077844,24.989507213899696,0
90.5905905905906,0.4484740812205503,-0.8122449396443642,24.803997225919293,1
90.6906906906907,0.37334841114793776,-0.9404490470625716,24.83962665175831,1
90.7907907907908,0.3139641481650147,-0.9855865525680818,24.92853210740469,1
90.8908908908909,0.24222434467783938,-0.9045805874409812,24.975907503041128,0
90.990990990991,0.06256023252910836,-0.9434112068300594,24.98997017253785,0
91.0910910910911,-0.037758211488284746,-0.9508708261965568,24.87654456623856,0
91.1911911911912,-0.1971630139370164,-1.0316105838409353,25.000698903362935,0
91.2912912912913,-0.2585055176625962,-1.0704925019129667,25.015265715739698,1
91.3913913913914,-0.35111866461996705,-1.0038562385606336,24.90756003787745,1
91.4914914914915,-0.34480989731142586,-1.0089299944554324,25.147394830970743,1
91.5915915915916,-0.3929123010010303,-0.9265674518475893,25.031341261467333,0
91.6916916916917,-0.5119074909514444,-0.8244666613946758,25.029127106038104,1
91.7917917917918,-0.6465170011884573,-0.7995942269264587,24.94204406747134,1
91.8918918918919,-0.7139287287040539,-0.723501270890209,25.072692018523433,0
91.991991991992,-0.707397329621801,-0.6013275657056748,25.02611848225878,1
92.0920920920921,-0.8355249224902574,-0.5921550960261358,25.038501432604367,0
92.1921921921922,-0.9670211664622499,-0.517093850490074,25.10689934166475,1
92.2922922922923,-0.8837206751562666,-0.333577165074443,24.982793850402796,1
92.3923923923924,-0.9452760762788988,-0.2006152000074335,25.113023733122482,0
92.4924924924925,-0.9541639641753746,-0.1586870338813273,24.945262681308037,1
92.5925925925926,-1.0372116020565945,-0.08701481644679412,24.95815683813447,1
92.6926926926927,-0.9264887936198766,0.023972003961233793,25.106928010673837,1
92.7927927927928,-0.9697815726276954,0.14012053750751235,24.956231122958723,0
92.8928928928929,-0.9231191048822251,0.30131188365343964,24.921432178253326,0
92.992992992993,-0.9005375539871671,0.33254652382771793,25.076663124120454,0
93.0930930930931,-0.8840682623207019,0.40314558442346304,25.024427618440185,1
93.1931931931932,-0.8734002012784968,0.4851152137793053,24.889342068129736,0
93.2932932932933,-0.8106295196272456,0.6207964356423692,24.90442278176256,1
93.3933933933934,-0.7669736177698837,0.633697981350022,25.027742910496677,1
93.4934934934935,-0.7040873136058894,0.7278395167047338,24.87444132996992,1
93.5935935935936,-0.5901568371151255,0.8432990772835861,25.018921570902176,1
93.6936936936937,-0.5178839279180057,0.8117845432591987,24.839887624644643,0
93.7937937937938,-0.4507728106508317,0.8300104235278699,24.890405438287225,1
93.8938938938939,-0.3287831143293699,0.9041256018377616,24.98546248998149,0
93.993993993994,-0.19493093957653376,0.9730343886999526,25.1021672645208,1
94.0940940940941,-0.19185796826089258,0.9946750837080495,25.020597854786917,0
94.1941941941942,-0.06347944232837471,0.9716715568964687,24.93883909948468,1
94.2942942942943,0.07637192750396615,1.0025827196946686,24.88778057910691,1
94.3943943943944,0.11064778425944075,0.9953221406244667,24.930838417065804,0
94.4944944944945,0.31837698824252686,0.963236053549607,24.90155359283029,0
94.5945945945946,0.3106027225353495,0.9433992084583178,25.187424432528818,0
94.6946946946947,0.48273060076874874,0.8719871947484786,25.1245256128977,1
94.7947947947948,0.4684814947226334,0.9474665584964079,24.88842282303381,0
94.8948948948949,0.565192766981128,0.7519511162852894,25.080127186903823,0
94.994994994995,0.5428686032929343,0.788456405717168,24.900127829754773,0
95.0950950950951,0.7575555638952318,0.6939380024232521,24.88832506483003,1
95.1951951951952,0.7345602804544403,0.572114320382089,24.959500615991914,0
95.2952952952953,0.8549568899153264,0.569030167130598,25.097460651175528,0
95.3953953953954,0.8226887278962002,0.42569999165329997,25.150483927110155,0
95.4954954954955,0.957243401382916,0.2946152804700891,24.757153360165262,1
95.5955955955956,1.0115015011973256,0.20678723670066645,24.987505264885247,0
95.6956956956957,1.041821778775274,0.0860637494458348,24.995865703314454,0
95.7957957957958,1.039712441180952,-0.03149906450314975,25.045629053799093,1
95.8958958958959,1.0074863927096325,-0.11058536751482552,25.19642834238214,1
95.995995995996,1.0217690494889662,-0.06872459342707851,24.981665046809287,0
96.0960960960961,0.9072953001658395,-0.2139485684545388,24.981378558980914,0
96.1961961961962,0.8986599579322154,-0.3806754563372784,24.91330873563968,0
96.2962962962963,0.8938334835900472,-0.5038684580321828,24.984487469864824,1
96.3963963963964,0.8371231123232465,-0.6225445317294092,25.131569777808444,0
96.4964964964965,0.8768254468858441,-0.5851032996318157,24.984059934115873,0
96.5965965965966,0.7259721938509148,-0.6947897855089924,24.889981520972107,0
96.6966966966967,0.5803679771623037,-0.721475095274561,24.95442959619945,0
96.7967967967968,0.5700215561295043,-0.8827223640302073,24.815838295649296,1
96.8968968968969,0.5379136547836464,-0.8916345990781566,24.967620201176288,1
96.996996996997,0.4346022033301456,-0.8900131973249806,24.84040707081908,1
97.0970970970971,0.3152352496342249,-0.9511998446658437,24.99254712339989,1
97.1971971971972,0.20019731221373516,-1.026559106435755,25.048104057413234,1
97.2972972972973,0.06663688513877655,-0.993668076932105,24.930412611684392,0
97.3973973973974,-0.08073613134190327,-1.033191992696605,24.89266817818163,0
97.4974974974975,-0.10286975394906568,-1.0531292832209957,25.060031990208657,1
97.5975975975976,-0.20081850068074386,-1.0277528620074454,24.94084530120957,1
97.6976976976977,-0.26202588575040847,-0.9852799695721914,25.045894114783604,0
97.7977977977978,-0.4009087875476791,-0.8258999535763424,24.944996738861267,0
97.8978978978979,-0.5175513038635864,-0.8748624718568129,24.948585296648073,1
97.997997997998,-0.577267900903253,-0.8656751941752455,25.256721800631016,0
98.0980980980981,-0.7166643971219082,-0.7435129091810602,24.874395750254838,1
98.1981981981982,-0.7043326587534884,-0.7049681337659905,24.887089607650196,1
98.2982982982983,-0.7672827253614675,-0.6285741801283454,24.97164738800689,1
98.3983983983984,-0.8321007759608052,-0.502847097706783,24.92975615071902,1
98.4984984984985,-0.8807214825152756,-0.44794612271918743,25.087524195770015,0
98.5985985985986,-0.9493127105186064,-0.33089691696170576,25.03030848799705,1
98.6986986986987,-0.8945402088968575,-0.23567570943809857,24.932996895399068,0
98.7987987987988,-1.0435123673303672,-0.19054806416921044,24.99173640912218,1
98.8988988988989,-1.05725998729511,-0.03042916133410297,25.132235487283843,0
98.998998998999,-1.021597054832211,0.1211837576496316,24.9100905929765,1
99.0990990990991,-0.9838139498645444,0.06170121864133975,24.826266848492626,1
99.1991991991992,-0.9401798332551972,0.2773778261339129,24.981028819782388,0
99.2992992992993,-0.959138910571967,0.2994420023592844,24.937650878702165,1
99.3993993993994,-0.9088003607652354,0.3501555268254,25.13833420744802,1
99.4994994994995,-0.8956982970599259,0.4404403440445301,24.82577852633264,0
99.5995995995996,-0.7488721096081413,0.622345686196735,25.122520250756967,1
99.6996996996997,-0.739546668516985,0.6795957921756468,25.025789702275326,1
99.7997997997998,-0.664971798396926,0.7588044300483318,24.904185993075025,1
99.8998998998999,-0.6090094468115658,0.8412058756498648,25.068048992635344,0
100.0,-0.5717216674261734,0.8053302272286571,25.201728114046105,1
